Product_ID,Sale_Date,Sales_Rep,Region,Sales_Amount,Quantity_Sold,Product_Category,Unit_Cost,Unit_Price,Discount,Total_Cost,Gross_Sales,Discount_Amount
1052,2023-02-03,Bob,North,5053.97,18,Furniture,152.75,267.22,0.09,2749.5,4809.960000000001,432.8964000000001
1093,2023-04-21,Bob,West,4384.02,17,Furniture,3816.39,4209.44,0.11,64878.63,71560.48,7871.6528
1015,2023-09-21,David,South,4631.23,30,Food,261.56,371.4,0.2,7846.8,11142.0,2228.4
1072,2023-08-24,Bob,South,2167.94,39,Clothing,4330.03,4467.75,0.02,168871.16999999998,174242.25,3484.8450000000003
1061,2023-03-24,Charlie,East,3750.2,13,Electronics,637.37,692.71,0.08,8285.81,9005.23,720.4184
1021,2023-02-11,Charlie,West,3761.15,32,Food,900.79,1106.51,0.21,28825.28,35408.32,7435.7472
1083,2023-04-11,Bob,West,618.31,29,Furniture,2408.81,2624.09,0.14,69855.49,76098.61,10653.805400000001
1087,2023-01-06,Eve,South,7698.92,46,Furniture,3702.51,3964.65,0.12,170315.46000000002,182373.9,21884.868
1075,2023-06-29,David,South,4223.39,30,Furniture,738.06,1095.45,0.05,22141.8,32863.5,1643.1750000000002
1075,2023-10-09,Charlie,West,8239.58,18,Clothing,2228.35,2682.34,0.13,40110.299999999996,48282.12,6276.6756000000005
1088,2023-11-16,Eve,North,8518.45,13,Furniture,2440.11,2517.6,0.23,31721.43,32728.8,7527.624
1100,2023-08-14,Bob,West,2198.74,43,Food,1100.81,1137.44,0.08,47334.829999999994,48909.920000000006,3912.7936000000004
1024,2023-11-11,Eve,West,6607.8,21,Food,622.01,641.09,0.0,13062.21,13462.890000000001,0.0
1003,2023-12-31,Alice,South,4775.59,30,Furniture,4190.28,4270.65,0.2,125708.4,128119.49999999999,25623.899999999998
1022,2023-08-17,Charlie,South,8813.55,21,Food,2537.2,2869.6,0.29,53281.2,60261.6,17475.863999999998
1053,2023-10-16,Bob,North,2235.83,48,Furniture,121.19,487.65,0.18,5817.12,23407.199999999997,4213.295999999999
1002,2023-05-30,David,North,6810.35,17,Furniture,4024.76,4420.15,0.04,68420.92,75142.54999999999,3005.7019999999998
1088,2023-10-04,Bob,East,6116.75,40,Electronics,4904.93,5034.35,0.1,196197.2,201374.0,20137.4
1030,2023-07-17,David,West,3023.48,19,Clothing,3049.33,3209.22,0.26,57937.27,60975.17999999999,15853.546799999998
1038,2023-03-11,Bob,South,1452.35,15,Clothing,2543.36,2790.1,0.07,38150.4,41851.5,2929.6050000000005
1002,2023-04-22,Eve,North,6551.23,9,Electronics,4398.16,4439.12,0.18,39583.44,39952.08,7191.3744
1064,2023-01-04,Eve,East,7412.11,10,Electronics,4764.96,5074.42,0.12,47649.6,50744.2,6089.303999999999
1060,2023-12-16,Eve,East,3224.71,44,Clothing,3784.96,4276.99,0.06,166538.24,188187.56,11291.2536
1021,2023-11-27,Alice,South,6483.84,31,Furniture,2254.99,2441.79,0.24,69904.68999999999,75695.49,18166.9176
1033,2023-11-14,David,South,4011.8,23,Furniture,2981.5,3360.4,0.22,68574.5,77289.2,17003.624
1076,2023-12-16,Eve,East,7160.75,30,Clothing,3519.63,3774.65,0.2,105588.90000000001,113239.5,22647.9
1058,2023-04-05,Alice,North,2072.23,33,Furniture,1011.65,1084.28,0.07,33384.45,35781.24,2504.6868
1022,2023-06-01,David,East,8913.13,9,Electronics,2263.65,2558.95,0.03,20372.850000000002,23030.55,690.9164999999999
1089,2023-11-07,Bob,West,2945.36,47,Furniture,4157.62,4314.56,0.17,195408.13999999998,202784.32,34473.33440000001
1049,2023-05-17,Alice,West,3741.08,1,Furniture,3290.89,3317.75,0.17,3290.89,3317.75,564.0175
1091,2023-09-04,Charlie,South,675.11,44,Food,2085.46,2406.58,0.06,91760.24,105889.51999999999,6353.3712
1059,2023-08-31,Alice,North,1203.97,35,Food,3333.64,3764.52,0.02,116677.4,131758.2,2635.164
1042,2023-01-31,Alice,North,5207.03,11,Food,635.2,814.14,0.02,6987.200000000001,8955.539999999999,179.11079999999998
1092,2023-02-09,David,West,2749.17,34,Furniture,2037.41,2238.65,0.3,69271.94,76114.1,22834.23
1060,2023-08-17,Bob,East,8371.25,16,Clothing,3975.99,4422.59,0.24,63615.84,70761.44,16982.7456
1080,2023-02-05,Charlie,South,245.46,9,Electronics,1141.52,1550.19,0.28,10273.68,13951.710000000001,3906.478800000001
1015,2023-08-11,Eve,East,3853.03,32,Furniture,970.51,1330.84,0.06,31056.32,42586.88,2555.2128
1062,2023-01-06,Eve,East,3439.72,15,Clothing,4756.55,4888.46,0.29,71348.25,73326.9,21264.800999999996
1062,2023-11-18,Alice,East,291.34,12,Furniture,1088.99,1545.0,0.04,13067.880000000001,18540.0,741.6
1047,2023-08-08,David,North,1331.25,33,Electronics,1341.55,1427.21,0.15,44271.15,47097.93,7064.6894999999995
1062,2023-03-16,David,West,4195.06,45,Furniture,4849.6,5166.72,0.25,218232.00000000003,232502.40000000002,58125.600000000006
1051,2023-01-04,Eve,North,4979.36,14,Electronics,3686.81,3710.92,0.1,51615.34,51952.880000000005,5195.2880000000005
1055,2023-12-01,Charlie,West,4102.47,8,Furniture,3513.0,3838.42,0.13,28104.0,30707.36,3991.9568000000004
1064,2023-05-14,Bob,South,5356.28,8,Electronics,4271.99,4417.79,0.04,34175.92,35342.32,1413.6928
1003,2023-04-28,Charlie,South,5991.8,27,Furniture,623.32,853.66,0.04,16829.640000000003,23048.82,921.9528
1051,2023-04-04,Bob,East,198.25,12,Electronics,3544.48,3723.66,0.19,42533.76,44683.92,8489.9448
1007,2023-03-03,Eve,West,4694.54,1,Food,2543.26,2637.91,0.2,2543.26,2637.91,527.582
1021,2023-07-13,Bob,West,9638.64,43,Furniture,4154.3,4469.07,0.23,178634.9,192170.00999999998,44199.1023
1073,2023-12-01,David,West,5238.42,40,Furniture,2565.3,3007.47,0.17,102612.0,120298.79999999999,20450.796
1039,2023-07-22,Alice,East,6807.67,42,Clothing,3120.19,3600.14,0.19,131047.98,151205.88,28729.1172
1018,2023-01-26,Alice,East,3187.45,11,Clothing,2414.82,2519.07,0.0,26563.02,27709.77,0.0
1004,2023-06-22,Eve,South,7762.51,39,Electronics,2416.89,2778.4,0.05,94258.70999999999,108357.6,5417.880000000001
1089,2023-10-27,David,North,7751.92,43,Furniture,3851.45,4186.98,0.3,165612.35,180040.13999999998,54012.041999999994
1060,2023-05-13,Charlie,West,5260.83,31,Electronics,3161.4,3339.66,0.02,98003.40000000001,103529.45999999999,2070.5892
1014,2023-11-22,David,West,9762.54,17,Food,3184.65,3204.01,0.2,54139.05,54468.170000000006,10893.634000000002
1009,2023-04-28,Alice,North,1342.95,33,Clothing,2278.9,2626.9,0.05,75203.7,86687.7,4334.385
1090,2023-11-20,Alice,West,267.78,32,Electronics,2678.99,3152.28,0.22,85727.68,100872.96,22192.0512
1053,2023-10-02,David,East,7724.57,29,Electronics,3741.3,4061.04,0.21,108497.70000000001,117770.16,24731.7336
1002,2023-07-31,David,East,8090.84,21,Clothing,4138.41,4361.7,0.07,86906.61,91595.7,6411.6990000000005
1084,2023-08-13,Alice,West,1290.05,21,Furniture,3497.98,3765.31,0.08,73457.58,79071.51,6325.7208
1092,2023-01-20,Charlie,East,2729.27,40,Electronics,4624.16,4731.98,0.2,184966.4,189279.19999999998,37855.84
1060,2023-04-23,Eve,East,273.77,23,Clothing,4110.6,4488.37,0.12,94543.8,103232.51,12387.901199999998
1071,2023-05-20,Eve,West,3003.76,6,Furniture,2831.23,3206.98,0.06,16987.38,19241.88,1154.5128
1044,2023-02-16,David,South,7754.1,22,Food,3373.46,3454.76,0.22,74216.12,76004.72,16721.0384
1008,2023-01-01,Eve,North,5227.81,38,Clothing,4635.23,5075.44,0.05,176138.74,192866.71999999997,9643.336
1047,2023-03-31,Alice,East,3546.15,37,Electronics,3114.88,3256.78,0.26,115250.56,120500.86,31330.2236
1035,2023-05-22,Alice,South,3780.22,45,Food,4132.79,4624.1,0.15,185975.55,208084.50000000003,31212.675000000003
1078,2023-11-16,David,East,113.4,8,Furniture,3459.61,3657.23,0.03,27676.88,29257.84,877.7352
1081,2023-02-07,David,East,3068.03,41,Furniture,2782.08,2879.24,0.21,114065.28,118048.84,24790.2564
1036,2023-10-20,David,North,6499.94,49,Clothing,1247.1,1429.44,0.16,61107.899999999994,70042.56,11206.8096
1050,2023-05-19,Charlie,East,9744.52,35,Clothing,2158.69,2384.38,0.09,75554.15000000001,83453.3,7510.797
1004,2023-12-22,Eve,North,8485.9,11,Clothing,4840.33,4884.29,0.13,53243.63,53727.19,6984.5347
1002,2023-11-29,David,North,333.59,24,Furniture,3305.94,3599.27,0.09,79342.56,86382.48,7774.423199999999
1006,2023-09-16,Bob,North,8995.75,49,Food,2843.76,3146.6,0.08,139344.24000000002,154183.4,12334.672
1054,2023-06-10,Bob,South,7853.66,21,Furniture,4668.14,5040.22,0.05,98030.94,105844.62000000001,5292.231000000001
1004,2023-06-27,Alice,West,7825.72,2,Electronics,2953.23,2977.52,0.11,5906.46,5955.04,655.0544
1054,2023-01-10,Eve,South,4634.16,40,Furniture,2654.11,2929.32,0.08,106164.40000000001,117172.8,9373.824
1093,2023-09-18,David,West,4040.25,19,Electronics,3808.59,3844.51,0.21,72363.21,73045.69,15339.5949
1063,2023-05-18,Bob,West,3098.87,39,Food,3577.69,3931.25,0.21,139529.91,153318.75,32196.9375
1018,2023-06-21,Eve,North,750.38,28,Clothing,1006.14,1043.45,0.15,28171.92,29216.600000000002,4382.49
1090,2023-01-13,Alice,East,2359.53,17,Clothing,2382.98,2839.73,0.23,40510.66,48275.41,11103.3443
1044,2023-06-17,Charlie,North,2541.38,6,Furniture,2388.95,2742.97,0.25,14333.699999999999,16457.82,4114.455
1034,2023-05-10,Eve,East,4892.36,19,Clothing,1922.21,2180.83,0.17,36521.99,41435.77,7044.0809
1074,2023-03-25,Eve,West,7499.7,38,Food,2610.6,2836.94,0.19,99202.8,107803.72,20482.7068
1062,2023-11-17,Charlie,North,4790.72,28,Clothing,2094.88,2168.91,0.08,58656.64,60729.479999999996,4858.3584
1100,2023-11-15,Eve,East,672.66,2,Furniture,1036.76,1189.35,0.27,2073.52,2378.7,642.249
1014,2023-04-11,Alice,South,9582.12,38,Food,2091.21,2527.0,0.01,79465.98,96026.0,960.26
1095,2023-11-25,Alice,East,9432.97,37,Electronics,407.77,860.95,0.1,15087.49,31855.15,3185.5150000000003
1048,2023-09-30,Charlie,North,7873.38,4,Furniture,2900.14,2910.51,0.22,11600.56,11642.04,2561.2488000000003
1015,2023-09-22,David,South,9914.15,22,Electronics,4275.59,4576.72,0.02,94062.98000000001,100687.84000000001,2013.7568000000003
1072,2023-02-07,Bob,East,5490.38,26,Food,3640.17,4002.63,0.05,94644.42,104068.38,5203.419000000001
1078,2023-04-04,David,East,9631.41,49,Furniture,1833.95,2147.14,0.18,89863.55,105209.86,18937.7748
1087,2023-04-05,Eve,East,848.49,43,Furniture,481.0,531.02,0.17,20683.0,22833.86,3881.7562000000003
1062,2023-11-01,Bob,East,3720.24,36,Food,1050.64,1167.33,0.22,37823.04,42023.88,9245.2536
1040,2023-03-10,Charlie,East,2331.27,13,Clothing,2750.18,2882.85,0.24,35752.34,37477.049999999996,8994.491999999998
1085,2023-11-14,Charlie,South,2038.75,32,Furniture,1074.93,1492.48,0.04,34397.76,47759.36,1910.3744000000002
1080,2023-08-24,Bob,West,1493.95,17,Furniture,2742.67,2979.64,0.01,46625.39,50653.88,506.5388
1082,2023-11-30,Alice,South,6261.9,41,Electronics,1196.42,1444.97,0.21,49053.22,59243.770000000004,12441.191700000001
1053,2023-05-17,Bob,South,7835.09,36,Clothing,4252.17,4720.27,0.09,153078.12,169929.72000000003,15293.674800000003
1024,2023-03-17,Eve,South,5825.15,46,Electronics,2016.49,2338.66,0.19,92758.54,107578.35999999999,20439.888399999996
1026,2023-02-04,Alice,West,1554.93,19,Electronics,1265.48,1715.83,0.05,24044.12,32600.769999999997,1630.0384999999999
1089,2023-01-01,Charlie,North,8130.13,35,Clothing,4071.01,4304.7,0.14,142485.35,150664.5,21093.030000000002
1060,2023-10-23,Bob,West,6395.95,46,Clothing,1747.05,1830.27,0.15,80364.3,84192.42,12628.863
1041,2023-11-16,David,South,3942.84,40,Food,601.86,1067.53,0.18,24074.4,42701.2,7686.215999999999
1029,2023-03-01,David,East,6773.89,28,Clothing,2873.53,3108.3,0.15,80458.84000000001,87032.40000000001,13054.86
1015,2023-11-16,Eve,East,2673.06,1,Furniture,2928.74,3027.74,0.15,2928.74,3027.74,454.16099999999994
1045,2023-12-15,David,South,3517.4,42,Clothing,3587.74,3745.91,0.1,150685.08,157328.22,15732.822
1065,2023-11-24,Bob,East,9183.11,18,Food,1239.09,1273.98,0.02,22303.62,22931.64,458.6328
1089,2023-09-24,Bob,South,2975.99,48,Food,2246.67,2486.14,0.03,107840.16,119334.72,3580.0416
1071,2023-12-27,David,East,4752.88,40,Food,1447.72,1875.75,0.13,57908.8,75030.0,9753.9
1009,2023-08-17,Bob,West,8912.4,33,Clothing,450.72,918.17,0.11,14873.76,30299.609999999997,3332.9570999999996
1088,2023-09-27,Eve,North,7106.44,12,Clothing,4389.24,4856.22,0.15,52670.88,58274.64,8741.196
1001,2023-11-12,Alice,North,715.81,8,Electronics,3657.91,3729.27,0.09,29263.28,29834.16,2685.0744
1008,2023-10-13,Eve,West,1558.3,24,Electronics,1542.24,1739.45,0.21,37013.76,41746.8,8766.828
1088,2023-10-18,Eve,West,177.63,16,Furniture,3016.9,3040.73,0.26,48270.4,48651.68,12649.436800000001
1063,2023-08-01,Bob,South,6346.13,4,Electronics,1046.26,1475.29,0.09,4185.04,5901.16,531.1043999999999
1011,2023-06-14,Alice,South,4531.97,38,Furniture,4456.67,4642.46,0.06,169353.46,176413.48,10584.8088
1081,2023-01-05,Bob,South,1429.32,44,Food,618.79,938.04,0.03,27226.76,41273.759999999995,1238.2127999999998
1008,2023-12-05,Charlie,East,9583.55,27,Electronics,68.99,429.29,0.18,1862.7299999999998,11590.83,2086.3494
1035,2023-03-19,Bob,South,5343.63,9,Clothing,2534.94,2755.56,0.13,22814.46,24800.04,3224.0052
1035,2023-03-03,Bob,West,2494.74,47,Electronics,2936.48,3096.64,0.06,138014.56,145542.08,8732.5248
1033,2023-05-12,Bob,North,5055.98,16,Furniture,2915.88,3397.36,0.2,46654.08,54357.76,10871.552000000001
1005,2023-03-30,Alice,East,6828.24,12,Electronics,319.83,802.43,0.04,3837.96,9629.16,385.1664
1041,2023-08-25,Bob,South,854.77,31,Food,1604.52,1756.34,0.17,49740.12,54446.54,9255.911800000002
1028,2023-02-11,Alice,East,2819.57,24,Clothing,2521.03,2766.05,0.16,60504.72,66385.20000000001,10621.632000000001
1007,2023-03-30,David,East,8088.96,14,Furniture,1122.07,1608.76,0.22,15708.98,22522.64,4954.9808
1073,2023-10-23,Charlie,South,4650.68,45,Clothing,4369.5,4381.89,0.02,196627.5,197185.05000000002,3943.7010000000005
1072,2023-11-24,Alice,East,5511.11,25,Clothing,481.19,693.4,0.27,12029.75,17335.0,4680.450000000001
1012,2023-10-22,David,North,4384.88,34,Furniture,2462.55,2521.77,0.21,83726.70000000001,85740.18,18005.437799999996
1034,2023-04-14,Alice,West,534.61,3,Clothing,3472.51,3732.0,0.06,10417.53,11196.0,671.76
1033,2023-01-14,Alice,West,1740.92,24,Clothing,1345.67,1367.76,0.06,32296.08,32826.24,1969.5743999999997
1048,2023-10-15,Charlie,North,4510.86,42,Electronics,3139.99,3349.37,0.13,131879.58,140673.54,18287.5602
1023,2023-06-28,Eve,East,2170.94,9,Clothing,4155.46,4273.6,0.25,37399.14,38462.4,9615.6
1062,2023-05-05,Eve,South,594.79,26,Clothing,992.17,1263.49,0.25,25796.42,32850.74,8212.685
1088,2023-12-19,Alice,East,8452.13,20,Clothing,4590.24,5088.28,0.16,91804.79999999999,101765.59999999999,16282.496
1037,2023-01-23,Bob,North,9813.81,40,Clothing,2790.11,3192.37,0.26,111604.40000000001,127694.79999999999,33200.648
1099,2023-03-04,David,East,7952.11,10,Furniture,1531.2,1955.56,0.0,15312.0,19555.6,0.0
1044,2023-05-23,Bob,West,8552.47,19,Food,2182.75,2504.03,0.01,41472.25,47576.57000000001,475.7657000000001
1086,2023-06-02,Bob,East,2495.57,3,Electronics,1595.35,1625.71,0.27,4786.049999999999,4877.13,1316.8251
1091,2023-05-25,Alice,North,9610.21,24,Clothing,3639.3,3750.63,0.23,87343.20000000001,90015.12,20703.4776
1035,2023-08-13,Alice,West,2049.56,5,Clothing,3991.69,4454.97,0.14,19958.45,22274.850000000002,3118.4790000000007
1065,2023-11-05,Alice,East,9519.16,3,Furniture,4173.04,4362.44,0.23,12519.119999999999,13087.32,3010.0836
1099,2023-04-14,Alice,East,9948.71,27,Food,4929.55,4990.33,0.29,133097.85,134738.91,39074.283899999995
1047,2023-04-14,Eve,West,7146.06,16,Clothing,3966.86,4321.04,0.23,63469.76,69136.64,15901.4272
1078,2023-02-08,Alice,South,9813.32,49,Furniture,3026.85,3183.58,0.25,148315.65,155995.41999999998,38998.854999999996
1003,2023-07-17,Eve,West,5738.44,15,Electronics,1729.14,1870.88,0.23,25937.100000000002,28063.2,6454.536
1001,2023-05-14,Eve,South,2669.46,35,Electronics,2745.75,3244.76,0.05,96101.25,113566.6,5678.330000000001
1005,2023-03-08,Alice,North,4426.26,12,Clothing,253.29,683.78,0.25,3039.48,8205.36,2051.34
1090,2023-06-28,Charlie,North,5976.25,41,Clothing,3736.88,3946.77,0.06,153212.08000000002,161817.57,9709.0542
1014,2023-02-11,David,West,823.51,44,Food,2257.48,2747.81,0.27,99329.12,120903.64,32643.9828
1027,2023-01-15,Bob,West,6261.2,26,Food,149.11,477.67,0.14,3876.8600000000006,12419.42,1738.7188
1009,2023-04-21,Eve,North,9813.66,47,Clothing,359.41,733.0,0.2,16892.27,34451.0,6890.200000000001
1079,2023-06-06,David,South,1982.07,34,Furniture,1967.96,1993.4,0.15,66910.64,67775.6,10166.34
1015,2023-10-16,Charlie,North,7946.69,23,Food,2937.94,3007.53,0.03,67572.62,69173.19,2075.1957
1090,2023-08-19,Bob,West,9088.2,31,Clothing,2347.81,2668.02,0.09,72782.11,82708.62,7443.775799999999
1042,2023-06-06,Bob,North,9442.65,20,Food,3115.06,3565.58,0.3,62301.2,71311.6,21393.48
1077,2023-02-07,Eve,West,9605.34,12,Clothing,2427.46,2743.09,0.29,29129.52,32917.08,9545.9532
1051,2023-04-07,Alice,West,5262.45,23,Electronics,3325.43,3401.1,0.1,76484.89,78225.3,7822.530000000001
1063,2023-10-16,Charlie,North,9775.35,4,Clothing,1134.67,1201.39,0.3,4538.68,4805.56,1441.6680000000001
1096,2023-09-11,Eve,South,7597.37,23,Electronics,608.57,1032.22,0.25,13997.11,23741.06,5935.265
1052,2023-07-15,Charlie,East,1700.55,48,Food,3002.35,3080.61,0.18,144112.8,147869.28,26616.4704
1096,2023-03-27,Alice,North,4821.31,48,Clothing,2449.21,2714.12,0.01,117562.08,130277.76,1302.7776
1004,2023-11-18,Alice,East,7211.48,1,Food,182.99,211.18,0.27,182.99,211.18,57.018600000000006
1094,2023-01-10,Eve,North,2548.67,25,Electronics,1933.39,1982.92,0.17,48334.75,49573.0,8427.41
1023,2023-01-05,Alice,East,6442.09,2,Clothing,575.32,914.77,0.26,1150.64,1829.54,475.6804
1015,2023-05-03,David,South,6699.34,30,Food,2680.22,3027.92,0.25,80406.59999999999,90837.6,22709.4
1043,2023-11-26,Bob,South,1710.73,3,Electronics,2009.1,2186.42,0.25,6027.299999999999,6559.26,1639.815
1029,2023-12-19,Eve,North,5694.34,21,Food,3085.1,3200.75,0.21,64787.1,67215.75,14115.307499999999
1036,2023-04-28,Charlie,West,7739.11,25,Furniture,4037.73,4446.45,0.09,100943.25,111161.25,10004.512499999999
1013,2023-10-21,David,East,5039.07,20,Electronics,1533.36,1649.74,0.1,30667.199999999997,32994.8,3299.4800000000005
1032,2023-06-08,Eve,West,219.82,49,Electronics,4812.41,5088.0,0.09,235808.09,249312.0,22438.079999999998
1071,2023-10-30,Alice,West,189.48,22,Electronics,2701.39,3185.81,0.01,59430.579999999994,70087.81999999999,700.8782
1059,2023-08-16,Alice,West,3634.59,21,Clothing,3110.54,3192.99,0.17,65321.34,67052.79,11398.9743
1086,2023-12-31,Alice,South,9269.32,33,Clothing,3419.33,3890.36,0.21,112837.89,128381.88,26960.1948
1028,2023-08-04,Alice,North,2363.9,38,Clothing,3350.32,3449.94,0.26,127312.16,131097.72,34085.4072
1066,2023-07-03,Charlie,North,6380.2,15,Furniture,2579.31,2867.36,0.04,38689.65,43010.4,1720.4160000000002
1042,2023-01-15,David,South,2298.55,46,Furniture,2172.38,2367.11,0.16,99929.48000000001,108887.06000000001,17421.929600000003
1045,2023-06-06,Bob,South,3284.53,15,Electronics,316.22,799.04,0.0,4743.3,11985.599999999999,0.0
1062,2023-05-16,Charlie,North,8495.62,46,Furniture,159.32,303.36,0.03,7328.719999999999,13954.560000000001,418.63680000000005
1057,2023-09-18,Charlie,West,7315.73,25,Food,1821.91,2027.74,0.02,45547.75,50693.5,1013.87
1006,2023-06-06,Bob,East,1044.45,21,Electronics,1701.62,2193.22,0.22,35734.02,46057.619999999995,10132.676399999998
1028,2023-02-16,Bob,East,4344.15,24,Electronics,1969.09,2241.96,0.02,47258.159999999996,53807.04,1076.1408000000001
1028,2023-11-20,Alice,East,388.78,5,Food,734.92,991.21,0.21,3674.6,4956.05,1040.7705
1044,2023-11-28,Charlie,West,4860.81,6,Electronics,3703.93,3840.24,0.07,22223.579999999998,23041.44,1612.9008000000001
1084,2023-06-22,Eve,North,6658.1,49,Furniture,4291.97,4645.64,0.26,210306.53,227636.36000000002,59185.45360000001
1030,2023-05-10,Bob,South,1273.18,43,Clothing,4696.64,4713.68,0.24,201955.52000000002,202688.24000000002,48645.1776
1062,2023-04-05,Bob,North,2959.96,48,Food,2487.19,2521.45,0.29,119385.12,121029.59999999999,35098.583999999995
1075,2023-04-25,David,West,4038.58,44,Furniture,3519.29,3822.98,0.27,154848.76,168211.12,45417.002400000005
1092,2023-08-31,Eve,South,9203.36,47,Food,4284.98,4462.4,0.28,201394.05999999997,209732.8,58725.184
1089,2023-10-19,Eve,West,9933.22,23,Food,2120.54,2597.67,0.26,48772.42,59746.41,15534.066600000002
1062,2023-10-09,Bob,East,544.62,4,Electronics,1581.59,2034.15,0.21,6326.36,8136.6,1708.686
1097,2023-10-26,Alice,East,7633.98,27,Electronics,4686.79,5046.51,0.05,126543.33,136255.77000000002,6812.7885000000015
1001,2023-10-10,David,West,3780.07,18,Furniture,2602.6,3013.49,0.08,46846.799999999996,54242.81999999999,4339.4256
1027,2023-03-10,Eve,South,3985.34,21,Food,2511.41,2848.4,0.06,52739.61,59816.4,3588.984
1062,2023-05-28,Bob,South,7567.22,28,Electronics,933.16,1004.7,0.18,26128.48,28131.600000000002,5063.688
1077,2023-01-11,Eve,North,9192.42,35,Electronics,585.37,970.49,0.15,20487.95,33967.15,5095.0725
1003,2023-09-11,David,East,9514.19,22,Food,4218.43,4331.42,0.26,92805.46,95291.24,24775.722400000002
1070,2023-11-26,David,North,5813.51,40,Furniture,3089.96,3258.45,0.29,123598.4,130338.0,37798.02
1072,2023-12-26,Charlie,North,3635.5,23,Furniture,1662.83,2074.25,0.12,38245.09,47707.75,5724.929999999999
1027,2023-02-07,Bob,West,7896.74,3,Food,999.09,1271.99,0.15,2997.27,3815.9700000000003,572.3955
1009,2023-05-14,David,West,2584.91,40,Furniture,2799.71,3231.08,0.29,111988.4,129243.2,37480.528
1062,2023-07-19,Charlie,North,5684.33,10,Electronics,2940.4,3054.79,0.08,29404.0,30547.9,2443.8320000000003
1037,2023-01-23,Charlie,East,3649.93,25,Food,1074.62,1382.43,0.24,26865.499999999996,34560.75,8294.58
1097,2023-10-30,Eve,West,6600.65,49,Electronics,4264.46,4315.52,0.07,208958.54,211460.48,14802.233600000001
1051,2023-12-12,Eve,North,2479.95,8,Clothing,467.11,792.21,0.2,3736.88,6337.68,1267.536
1044,2023-10-29,Charlie,North,1996.77,11,Clothing,1812.66,2196.3,0.08,19939.260000000002,24159.300000000003,1932.7440000000004
1024,2023-12-29,Eve,North,9190.57,5,Furniture,3417.9,3714.52,0.27,17089.5,18572.6,5014.602
1079,2023-08-06,David,North,1107.86,45,Clothing,1406.9,1547.35,0.17,63310.50000000001,69630.75,11837.2275
1059,2023-05-21,Alice,North,5108.98,37,Electronics,4146.99,4172.35,0.06,153438.63,154376.95,9262.617
1032,2023-04-14,David,North,2286.44,45,Clothing,3712.35,3780.88,0.07,167055.75,170139.6,11909.772
1096,2023-07-29,Charlie,West,485.41,38,Electronics,3955.66,4270.59,0.15,150315.08,162282.42,24342.363
1088,2023-04-21,Charlie,East,456.59,29,Furniture,639.58,1107.45,0.29,18547.82,32116.050000000003,9313.6545
1052,2023-04-14,David,North,1834.7,5,Furniture,745.71,856.91,0.23,3728.55,4284.55,985.4465000000001
1062,2023-11-12,Eve,South,8681.03,9,Electronics,1468.05,1838.21,0.15,13212.449999999999,16543.89,2481.5834999999997
1058,2023-06-20,Eve,West,2896.54,48,Clothing,2614.48,3049.04,0.1,125495.04000000001,146353.91999999998,14635.392
1052,2023-12-22,Charlie,West,9509.55,2,Furniture,3752.68,4017.91,0.16,7505.36,8035.82,1285.7312
1012,2023-11-20,Bob,North,5858.06,1,Food,4190.83,4528.77,0.22,4190.83,4528.77,996.3294000000001
1039,2023-05-13,Eve,West,4422.48,40,Furniture,3536.46,3945.82,0.24,141458.4,157832.80000000002,37879.872
1002,2023-10-20,David,North,5842.88,30,Clothing,4646.55,4784.28,0.1,139396.5,143528.4,14352.84
1003,2023-11-24,Eve,East,5215.31,11,Food,3706.78,3862.26,0.22,40774.58,42484.86,9346.6692
1056,2023-05-07,David,East,7611.88,28,Clothing,1566.03,1576.34,0.2,43848.84,44137.52,8827.503999999999
1081,2023-04-16,Charlie,West,2896.71,44,Electronics,1362.15,1844.07,0.29,59934.600000000006,81139.08,23530.333199999997
1059,2023-04-02,Eve,West,3595.2,12,Food,3496.15,3955.75,0.28,41953.8,47469.0,13291.320000000002
1002,2023-10-14,David,South,8951.53,39,Clothing,1004.71,1389.35,0.24,39183.69,54184.649999999994,13004.315999999999
1002,2023-02-20,Charlie,West,9469.92,26,Food,508.94,557.69,0.22,13232.44,14499.940000000002,3189.9868000000006
1092,2023-01-29,Bob,South,8936.33,13,Clothing,2684.5,2913.78,0.08,34898.5,37879.14,3030.3312
1054,2023-10-23,David,East,4252.54,8,Food,4117.13,4177.06,0.25,32937.04,33416.48,8354.12
1087,2023-10-24,Bob,East,7825.62,28,Clothing,551.83,569.63,0.13,15451.240000000002,15949.64,2073.4532
1096,2023-08-02,Bob,North,4815.72,30,Electronics,3969.86,4281.79,0.08,119095.8,128453.7,10276.296
1097,2023-09-24,Alice,East,5025.64,9,Food,4067.28,4548.09,0.12,36605.520000000004,40932.81,4911.937199999999
1001,2023-09-14,Eve,South,2126.33,39,Food,2437.26,2889.67,0.25,95053.14000000001,112697.13,28174.2825
1019,2023-10-29,David,West,5952.19,31,Food,333.69,685.1,0.04,10344.39,21238.100000000002,849.5240000000001
1002,2023-04-11,Bob,North,1942.75,21,Food,914.22,971.57,0.14,19198.62,20402.97,2856.4158
1053,2023-12-12,Alice,South,3382.49,47,Electronics,3551.76,3696.1,0.15,166932.72,173716.69999999998,26057.504999999997
1044,2023-04-20,Charlie,West,8564.8,34,Food,3573.3,3740.13,0.01,121492.20000000001,127164.42,1271.6442
1090,2023-07-01,David,North,2150.05,31,Furniture,4496.86,4880.8,0.06,139402.66,151304.80000000002,9078.288
1032,2023-11-09,Bob,East,804.47,25,Electronics,2934.3,3337.4,0.25,73357.5,83435.0,20858.75
1070,2023-01-01,Eve,South,783.18,12,Furniture,664.33,863.03,0.25,7971.960000000001,10356.36,2589.09
1032,2023-11-15,Alice,West,9413.77,1,Food,651.0,865.76,0.09,651.0,865.76,77.91839999999999
1068,2023-02-24,Bob,North,5118.51,22,Clothing,3619.61,3651.42,0.26,79631.42,80331.24,20886.122400000004
1055,2023-05-29,Eve,North,4153.18,40,Furniture,959.73,1111.41,0.23,38389.2,44456.4,10224.972000000002
1075,2023-11-05,Bob,East,8127.7,37,Food,1675.51,1906.64,0.13,61993.87,70545.68000000001,9170.938400000001
1056,2023-05-17,David,West,8374.68,47,Furniture,2461.7,2529.02,0.22,115699.9,118863.94,26150.0668
1017,2023-07-21,David,East,3388.69,1,Food,172.59,404.69,0.29,172.59,404.69,117.36009999999999
1038,2023-11-09,David,East,6966.82,1,Food,1281.65,1709.71,0.14,1281.65,1709.71,239.35940000000002
1024,2023-04-27,Alice,West,7734.12,42,Food,2069.05,2363.9,0.07,86900.1,99283.8,6949.866000000001
1069,2023-06-03,David,West,6581.04,42,Clothing,1434.2,1482.88,0.28,60236.4,62280.96000000001,17438.668800000003
1098,2023-10-18,Eve,West,1600.79,21,Furniture,725.03,828.95,0.18,15225.63,17407.95,3133.431
1070,2023-03-04,Bob,South,8771.24,15,Electronics,3653.66,3896.19,0.03,54804.899999999994,58442.85,1753.2855
1086,2023-09-01,Charlie,West,5437.04,17,Electronics,4075.08,4262.21,0.17,69276.36,72457.57,12317.786900000003
1011,2023-01-25,Eve,North,2896.48,22,Electronics,1324.52,1510.3,0.15,29139.44,33226.6,4983.99
1016,2023-03-31,Eve,East,4309.76,38,Electronics,3883.38,4152.72,0.26,147568.44,157803.36000000002,41028.873600000006
1097,2023-03-16,David,South,471.95,35,Food,1958.49,2254.84,0.16,68547.15,78919.40000000001,12627.104000000001
1073,2023-10-21,Alice,West,1365.88,45,Furniture,2558.09,2958.55,0.08,115114.05,133134.75,10650.78
1059,2023-07-29,Bob,South,7678.91,16,Furniture,4287.21,4464.28,0.2,68595.36,71428.48,14285.696
1070,2023-12-13,Alice,West,100.12,8,Clothing,3762.27,4166.95,0.16,30098.16,33335.6,5333.696
1080,2023-01-17,Bob,South,4224.0,47,Furniture,4035.33,4211.25,0.07,189660.51,197928.75,13855.0125
1093,2023-05-08,Bob,East,5272.85,17,Furniture,727.38,764.54,0.17,12365.46,12997.18,2209.5206000000003
1003,2023-12-30,Alice,East,640.88,17,Furniture,395.11,676.66,0.25,6716.87,11503.22,2875.805
1020,2023-09-08,Eve,North,9733.47,26,Clothing,4472.35,4770.42,0.01,116281.1,124030.92,1240.3092
1059,2023-06-28,Bob,North,2338.64,13,Electronics,1969.78,2437.7,0.19,25607.14,31690.1,6021.119
1036,2023-07-01,Alice,West,3111.57,17,Furniture,1475.0,1840.77,0.1,25075.0,31293.09,3129.309
1019,2023-06-01,Bob,East,3109.03,38,Clothing,3637.25,4096.96,0.09,138215.5,155684.48,14011.6032
1090,2023-01-25,Charlie,South,2381.12,17,Clothing,4190.26,4645.35,0.12,71234.42,78970.95000000001,9476.514000000001
1067,2023-06-29,Eve,South,114.59,48,Food,4319.32,4625.56,0.1,207327.36,222026.88,22202.688000000002
1019,2023-07-17,David,South,7320.51,14,Clothing,1614.19,1882.79,0.25,22598.66,26359.059999999998,6589.764999999999
1020,2023-12-10,Bob,North,9671.77,45,Electronics,4268.45,4551.6,0.08,192080.25,204822.00000000003,16385.760000000002
1096,2023-06-10,Charlie,South,2320.51,6,Furniture,252.62,742.0,0.22,1515.72,4452.0,979.44
1071,2023-06-26,David,North,6664.17,35,Clothing,295.82,684.67,0.03,10353.699999999999,23963.449999999997,718.9034999999999
1052,2023-10-12,David,North,7444.77,46,Electronics,3136.42,3198.49,0.29,144275.32,147130.53999999998,42667.85659999999
1033,2023-03-04,Bob,West,8499.41,14,Clothing,362.38,753.81,0.19,5073.32,10553.34,2005.1346
1040,2023-05-30,Alice,South,4284.03,47,Clothing,1656.82,1750.38,0.21,77870.54,82267.86,17276.2506
1039,2023-06-03,Bob,South,3099.02,8,Clothing,3380.14,3609.34,0.09,27041.12,28874.72,2598.7248
1082,2023-06-05,Charlie,East,3320.42,15,Clothing,1719.47,1832.6,0.12,25792.05,27489.0,3298.68
1001,2023-02-18,David,West,7154.95,27,Clothing,939.02,1286.92,0.07,25353.54,34746.840000000004,2432.2788000000005
1011,2023-12-03,Bob,East,8186.12,13,Electronics,1442.69,1882.57,0.28,18754.97,24473.41,6852.554800000001
1092,2023-03-25,Alice,West,1897.98,49,Furniture,2315.0,2467.28,0.15,113435.0,120896.72000000002,18134.508
1057,2023-12-27,Bob,South,3772.32,31,Furniture,2403.16,2453.35,0.19,74497.95999999999,76053.84999999999,14450.231499999998
1089,2023-06-26,Eve,North,9029.21,35,Furniture,3925.85,4082.11,0.22,137404.75,142873.85,31432.247000000003
1050,2023-05-28,Alice,North,8086.27,6,Furniture,3763.26,4102.72,0.11,22579.56,24616.32,2707.7952
1023,2023-04-28,Charlie,North,9850.1,5,Electronics,2311.25,2482.34,0.22,11556.25,12411.7,2730.574
1031,2023-12-08,David,North,7567.06,22,Food,4236.05,4382.32,0.2,93193.1,96411.04,19282.208
1094,2023-03-04,Bob,North,3992.63,49,Food,615.47,715.84,0.21,30158.030000000002,35076.16,7365.993600000001
1042,2023-07-08,Alice,East,5947.31,23,Electronics,1314.0,1567.78,0.15,30222.0,36058.94,5408.841
1099,2023-12-26,Eve,West,6644.04,25,Electronics,4148.48,4293.69,0.11,103711.99999999999,107342.24999999999,11807.6475
1007,2023-02-18,Alice,South,876.71,34,Clothing,1921.07,2289.27,0.07,65316.38,77835.18,5448.4626
1016,2023-11-23,Eve,East,5490.52,26,Clothing,4906.85,4954.39,0.25,127578.1,128814.14000000001,32203.535000000003
1090,2023-09-14,Charlie,West,7122.28,47,Clothing,2357.95,2693.33,0.18,110823.65,126586.51,22785.571799999998
1060,2023-08-12,David,North,1756.48,5,Furniture,3970.08,4096.48,0.13,19850.4,20482.399999999998,2662.712
1002,2023-05-21,Charlie,West,7828.25,26,Clothing,2041.42,2291.17,0.28,53076.92,59570.42,16679.7176
1001,2023-08-03,Bob,West,5879.35,20,Food,2153.52,2303.7,0.01,43070.4,46074.0,460.74
1048,2023-07-30,Alice,North,9527.0,6,Furniture,1945.27,2309.43,0.26,11671.619999999999,13856.579999999998,3602.7108
1012,2023-11-14,Eve,North,519.98,6,Clothing,3609.42,4082.62,0.3,21656.52,24495.72,7348.716
1069,2023-02-01,Eve,North,2726.73,18,Furniture,2760.21,3219.58,0.27,49683.78,57952.44,15647.158800000001
1037,2023-06-07,Alice,South,6055.38,4,Food,4721.7,5017.58,0.24,18886.8,20070.32,4816.8768
1032,2023-10-12,Alice,North,3035.94,17,Clothing,1291.91,1528.59,0.11,21962.47,25986.03,2858.4633
1009,2023-11-01,Bob,South,7172.8,14,Food,547.79,958.76,0.07,7669.0599999999995,13422.64,939.5848000000001
1099,2023-10-13,Charlie,North,7614.15,14,Food,1996.64,2341.47,0.22,27952.960000000003,32780.579999999994,7211.727599999999
1019,2023-05-24,Eve,South,1114.91,13,Food,3102.73,3202.68,0.09,40335.49,41634.84,3747.1355999999996
1048,2023-01-19,Bob,West,5187.16,7,Clothing,4310.95,4723.2,0.05,30176.649999999998,33062.4,1653.1200000000001
1080,2023-01-18,Charlie,East,5138.02,44,Electronics,1763.67,1983.82,0.24,77601.48000000001,87288.08,20949.1392
1003,2023-09-14,Bob,West,3755.88,15,Clothing,3286.24,3388.84,0.09,49293.6,50832.600000000006,4574.934
1020,2023-03-19,Eve,West,9335.96,19,Food,1783.48,1931.56,0.27,33886.12,36699.64,9908.9028
1024,2023-06-24,Alice,North,8292.31,43,Clothing,3105.24,3246.33,0.25,133525.31999999998,139592.19,34898.0475
1054,2023-07-13,Alice,South,7002.37,47,Food,4429.8,4694.21,0.25,208200.6,220627.87,55156.9675
1033,2023-04-23,Charlie,East,7171.83,44,Electronics,1195.22,1320.06,0.23,52589.68,58082.64,13359.0072
1024,2023-04-24,David,North,4670.99,35,Furniture,2051.0,2121.55,0.26,71785.0,74254.25,19306.105
1075,2023-08-10,Charlie,North,9217.85,17,Electronics,4966.66,5037.27,0.24,84433.22,85633.59000000001,20552.0616
1072,2023-06-15,David,North,6976.49,35,Electronics,4349.36,4645.17,0.18,152227.59999999998,162580.95,29264.571
1036,2023-11-15,Bob,West,7316.91,19,Furniture,2844.97,3215.0,0.09,54054.42999999999,61085.0,5497.65
1038,2023-05-12,Bob,South,8630.74,20,Clothing,2607.31,2774.86,0.27,52146.2,55497.200000000004,14984.244000000002
1084,2023-09-21,Eve,South,2813.31,36,Furniture,1458.77,1485.75,0.25,52515.72,53487.0,13371.75
1099,2023-02-24,David,East,8090.0,35,Clothing,2610.19,2682.53,0.14,91356.65000000001,93888.55,13144.397
1089,2023-12-25,Eve,South,2032.88,32,Clothing,4248.5,4706.7,0.01,135952.0,150614.4,1506.144
1099,2023-05-11,Alice,South,3518.89,48,Food,3441.61,3693.45,0.19,165197.28,177285.59999999998,33684.263999999996
1025,2023-10-15,David,North,3422.54,44,Food,1485.72,1717.97,0.02,65371.68,75590.68000000001,1511.8136000000002
1093,2023-09-23,Charlie,North,9787.4,40,Furniture,1047.25,1075.89,0.28,41890.0,43035.600000000006,12049.968000000003
1018,2024-01-01,Alice,West,8579.72,24,Electronics,1362.78,1729.81,0.29,32706.72,41515.44,12039.4776
1082,2023-06-11,Alice,North,7041.58,17,Furniture,890.31,1159.06,0.06,15135.269999999999,19704.02,1182.2412
1066,2023-03-28,Charlie,North,7297.86,7,Clothing,523.42,632.44,0.2,3663.9399999999996,4427.08,885.416
1054,2023-02-24,Alice,North,5664.52,43,Food,2124.72,2188.66,0.03,91362.95999999999,94112.37999999999,2823.3713999999995
1035,2023-10-15,David,North,9476.2,1,Furniture,610.83,808.69,0.22,610.83,808.69,177.9118
1080,2023-06-27,Eve,West,5012.96,35,Furniture,900.97,1321.18,0.1,31533.95,46241.3,4624.13
1061,2023-12-15,Alice,North,3867.13,32,Food,2759.26,3193.25,0.2,88296.32,102184.0,20436.800000000003
1041,2023-01-08,David,East,1714.05,36,Food,864.77,1170.16,0.11,31131.72,42125.76,4633.8336
1100,2023-11-17,Bob,East,7883.44,13,Food,366.2,732.69,0.04,4760.599999999999,9524.970000000001,380.9988000000001
1033,2023-11-09,David,East,7370.99,6,Clothing,1621.07,1687.5,0.12,9726.42,10125.0,1215.0
1068,2023-09-04,Eve,East,3905.11,14,Food,1140.58,1438.76,0.03,15968.119999999999,20142.64,604.2792
1033,2023-11-19,David,North,349.41,37,Electronics,2600.76,2937.57,0.17,96228.12000000001,108690.09000000001,18477.315300000002
1014,2023-09-12,Charlie,East,8406.07,48,Furniture,556.72,665.07,0.01,26722.56,31923.36,319.2336
1021,2023-11-24,Eve,North,213.04,15,Food,3771.27,4212.55,0.16,56569.05,63188.25,10110.12
1048,2023-02-23,Bob,West,7066.63,47,Food,4535.86,4641.41,0.27,213185.41999999998,218146.27,58899.4929
1020,2023-09-06,Charlie,East,9705.55,4,Clothing,3730.0,3893.6,0.25,14920.0,15574.4,3893.6
1008,2023-08-27,David,South,4432.85,40,Clothing,2687.49,3001.56,0.26,107499.59999999999,120062.4,31216.224
1007,2023-08-17,Eve,East,2426.24,16,Furniture,4310.31,4633.1,0.28,68964.96,74129.6,20756.288000000004
1067,2023-03-08,Bob,East,7078.22,28,Electronics,3489.85,3842.55,0.03,97715.8,107591.40000000001,3227.742
1017,2023-02-20,Charlie,North,8189.57,16,Furniture,102.23,167.12,0.04,1635.68,2673.92,106.9568
1033,2023-04-07,Bob,East,5509.66,4,Food,2000.75,2426.99,0.17,8003.0,9707.96,1650.3532
1048,2023-04-02,David,South,9673.65,45,Electronics,4262.21,4533.31,0.27,191799.45,203998.95,55079.71650000001
1076,2023-09-21,Bob,North,611.52,26,Electronics,1762.0,2002.95,0.29,45812.0,52076.700000000004,15102.243
1059,2023-10-18,Alice,North,5097.48,28,Electronics,224.32,715.06,0.01,6280.96,20021.68,200.2168
1086,2023-04-06,Charlie,West,7212.69,32,Electronics,3743.59,4116.38,0.11,119794.88,131724.16,14489.6576
1022,2023-03-29,Bob,West,8640.14,45,Furniture,4020.09,4087.91,0.06,180904.05000000002,183955.94999999998,11037.356999999998
1030,2023-03-19,David,East,1874.63,2,Clothing,844.94,1225.64,0.23,1689.88,2451.28,563.7944000000001
1038,2023-10-15,David,West,8020.03,31,Clothing,2709.84,2766.51,0.19,84005.04000000001,85761.81000000001,16294.743900000003
1051,2023-04-30,Bob,West,5571.8,3,Food,1000.18,1023.64,0.04,3000.54,3070.92,122.83680000000001
1054,2023-10-29,David,West,4025.88,8,Clothing,3610.21,3817.99,0.15,28881.68,30543.92,4581.588
1008,2023-06-14,Eve,North,1403.98,24,Clothing,1394.17,1891.02,0.21,33460.08,45384.479999999996,9530.7408
1027,2023-07-01,Eve,North,8666.43,15,Clothing,1615.26,1710.95,0.23,24228.9,25664.25,5902.7775
1027,2023-08-11,Eve,North,1657.0,43,Clothing,4232.61,4572.21,0.01,182002.22999999998,196605.03,1966.0503
1098,2023-11-07,Alice,West,3166.9,31,Food,2407.8,2502.76,0.27,74641.8,77585.56000000001,20948.101200000005
1021,2023-01-07,Bob,North,2971.45,9,Furniture,3365.28,3730.43,0.17,30287.52,33573.869999999995,5707.5579
1030,2023-11-26,Alice,West,8727.0,39,Electronics,2041.75,2299.37,0.24,79628.25,89675.43,21522.103199999998
1097,2023-09-20,David,North,6759.76,45,Clothing,1525.13,1868.32,0.24,68630.85,84074.4,20177.855999999996
1028,2023-06-10,Alice,North,7987.15,2,Furniture,3146.12,3255.53,0.06,6292.24,6511.06,390.66360000000003
1064,2023-05-31,David,South,2579.63,8,Clothing,816.54,1191.9,0.03,6532.32,9535.2,286.056
1097,2023-03-26,David,East,6286.25,7,Clothing,1896.35,2394.2,0.22,13274.449999999999,16759.399999999998,3687.0679999999998
1069,2023-05-27,Charlie,West,5760.29,44,Electronics,1084.73,1420.9,0.05,47728.12,62519.600000000006,3125.9800000000005
1061,2023-04-22,Eve,South,8345.02,39,Electronics,3494.19,3746.0,0.25,136273.41,146094.0,36523.5
1048,2023-02-05,David,North,9070.26,42,Electronics,4723.83,5186.19,0.22,198400.86,217819.97999999998,47920.395599999996
1019,2023-10-12,Charlie,West,220.35,16,Clothing,4977.78,4995.55,0.25,79644.48,79928.8,19982.2
1004,2023-07-07,Eve,North,6772.8,35,Clothing,2278.87,2646.53,0.09,79760.45,92628.55,8336.5695
1035,2023-03-23,David,East,613.17,30,Clothing,1300.03,1745.52,0.09,39000.9,52365.6,4712.9039999999995
1064,2023-01-02,David,South,5533.7,10,Electronics,2242.01,2282.23,0.2,22420.100000000002,22822.3,4564.46
1049,2023-10-30,Alice,East,2947.56,38,Food,4243.98,4474.51,0.01,161271.24,170031.38,1700.3138000000001
1017,2023-07-16,Alice,South,3137.09,18,Furniture,1069.73,1180.04,0.22,19255.14,21240.72,4672.9584
1044,2023-01-11,Eve,North,3594.29,5,Food,4762.87,5050.46,0.25,23814.35,25252.3,6313.075
1092,2023-08-22,David,East,6250.8,29,Clothing,1742.24,2070.52,0.12,50524.96,60045.08,7205.4096
1030,2023-07-14,Bob,East,3407.09,39,Clothing,4929.73,5088.02,0.23,192259.46999999997,198432.78000000003,45639.53940000001
1093,2023-04-29,Alice,North,7353.72,34,Food,4201.11,4436.5,0.05,142837.74,150841.0,7542.05
1046,2023-01-20,Eve,East,4104.82,43,Clothing,4052.42,4199.3,0.1,174254.06,180569.9,18056.99
1006,2023-09-18,David,West,776.7,45,Furniture,1623.63,1814.63,0.29,73063.35,81658.35,23680.9215
1099,2023-10-20,David,South,7859.22,23,Clothing,93.45,181.62,0.3,2149.35,4177.26,1253.178
1037,2023-09-13,Bob,South,2929.01,5,Furniture,1941.56,2385.48,0.15,9707.8,11927.4,1789.11
1024,2023-08-10,Eve,South,4384.39,30,Food,1543.96,1558.87,0.28,46318.8,46766.1,13094.508000000002
1093,2023-08-14,David,West,6885.89,6,Food,235.12,677.5,0.16,1410.72,4065.0,650.4
1046,2023-02-22,Alice,South,3391.32,46,Clothing,2551.56,2841.68,0.09,117371.76,130717.28,11764.555199999999
1053,2023-12-21,Bob,North,660.2,44,Furniture,2045.0,2217.51,0.08,89980.0,97570.44,7805.635200000001
1095,2023-12-08,Eve,East,3801.82,4,Clothing,3191.05,3555.35,0.28,12764.2,14221.4,3981.992
1099,2023-12-30,Bob,West,9450.04,29,Electronics,3124.87,3383.67,0.05,90621.23,98126.43000000001,4906.321500000001
1060,2023-10-07,Alice,South,6453.17,23,Electronics,647.7,902.26,0.17,14897.1,20751.98,3527.8366
1097,2023-03-22,Eve,North,6747.64,6,Electronics,4885.98,4949.95,0.17,29315.879999999997,29699.699999999997,5048.949
1063,2023-07-21,Bob,East,6359.59,32,Electronics,975.31,1176.17,0.22,31209.92,37637.44,8280.2368
1085,2023-06-07,Charlie,East,2070.02,42,Clothing,2254.11,2382.23,0.15,94672.62000000001,100053.66,15008.048999999999
1032,2023-04-30,Alice,West,4241.51,18,Electronics,2466.18,2483.87,0.08,44391.24,44709.659999999996,3576.7727999999997
1087,2023-02-28,Alice,West,7534.3,15,Furniture,4074.66,4261.11,0.05,61119.899999999994,63916.649999999994,3195.8325
1033,2023-08-03,Alice,West,1103.59,40,Food,541.19,595.2,0.19,21647.600000000002,23808.0,4523.52
1067,2023-05-08,Charlie,North,2850.74,32,Food,2171.79,2307.64,0.22,69497.28,73844.48,16245.7856
1018,2023-08-12,Charlie,North,2835.56,9,Electronics,3161.09,3216.42,0.17,28449.81,28947.78,4921.122600000001
1025,2023-07-28,David,West,4376.99,37,Electronics,1115.02,1174.48,0.22,41255.74,43455.76,9560.2672
1095,2023-04-25,Bob,South,9805.65,10,Electronics,3155.97,3263.49,0.04,31559.699999999997,32634.899999999998,1305.396
1054,2023-07-28,David,East,768.28,20,Clothing,4622.14,5122.07,0.26,92442.8,102441.4,26634.764
1058,2023-01-14,Bob,East,5235.14,6,Food,4987.71,4998.78,0.17,29926.260000000002,29992.68,5098.7556
1067,2023-01-09,Charlie,North,1875.71,48,Electronics,210.63,533.58,0.04,10110.24,25611.840000000004,1024.4736000000003
1046,2023-02-09,Charlie,East,9709.7,3,Furniture,1216.16,1295.37,0.14,3648.4800000000005,3886.1099999999997,544.0554
1024,2023-08-25,David,South,1221.7,42,Electronics,1586.02,2047.13,0.25,66612.84,85979.46,21494.865
1032,2023-10-08,Eve,East,4095.65,11,Food,2025.67,2081.55,0.27,22282.370000000003,22897.050000000003,6182.203500000001
1047,2023-12-25,David,North,7405.06,43,Electronics,1249.17,1727.15,0.08,53714.310000000005,74267.45,5941.396
1086,2023-07-20,Bob,North,7075.09,17,Food,1057.27,1366.62,0.21,17973.59,23232.539999999997,4878.8333999999995
1023,2023-09-03,David,South,4285.01,32,Electronics,4775.04,4785.66,0.03,152801.28,153141.12,4594.2336
1066,2023-10-05,Alice,South,3530.59,4,Furniture,4596.68,5044.74,0.01,18386.72,20178.96,201.7896
1027,2023-08-23,Bob,East,4036.36,4,Electronics,282.61,548.25,0.17,1130.44,2193.0,372.81
1002,2023-01-04,Bob,East,2716.34,17,Furniture,1727.12,1865.83,0.21,29361.039999999997,31719.11,6661.0131
1090,2023-06-03,Eve,North,2132.8,41,Furniture,2055.49,2441.46,0.24,84275.09,100099.86,24023.966399999998
1017,2023-01-29,Charlie,South,4882.09,19,Electronics,1233.12,1697.19,0.1,23429.28,32246.61,3224.661
1033,2023-04-19,Bob,South,2758.48,5,Furniture,3162.92,3409.93,0.0,15814.6,17049.649999999998,0.0
1009,2023-04-08,Charlie,South,2945.87,32,Clothing,3219.88,3384.5,0.14,103036.16,108304.0,15162.560000000001
1043,2023-08-03,David,East,6601.89,22,Electronics,4260.0,4656.58,0.0,93720.0,102444.76,0.0
1048,2023-10-20,Alice,South,9688.52,6,Electronics,3717.3,4061.37,0.03,22303.800000000003,24368.22,731.0466
1039,2023-03-16,Eve,North,6076.01,35,Furniture,2735.74,3181.23,0.1,95750.9,111343.05,11134.305
1093,2023-11-22,Charlie,North,862.1,22,Furniture,3285.25,3634.58,0.13,72275.5,79960.76,10394.898799999999
1042,2023-05-26,Bob,East,848.28,1,Electronics,1406.24,1535.57,0.08,1406.24,1535.57,122.84559999999999
1026,2023-05-08,Charlie,West,9519.09,20,Clothing,2985.63,3452.14,0.17,59712.600000000006,69042.8,11737.276000000002
1099,2023-12-07,Bob,East,3043.18,22,Furniture,2471.67,2533.04,0.02,54376.740000000005,55726.88,1114.5375999999999
1050,2023-02-11,Charlie,West,1011.46,48,Furniture,710.06,851.35,0.04,34082.88,40864.8,1634.592
1025,2023-12-22,Bob,South,6030.54,11,Food,1250.59,1515.49,0.21,13756.49,16670.39,3500.7819
1024,2023-02-10,David,East,6274.12,13,Clothing,1493.88,1781.09,0.04,19420.440000000002,23154.17,926.1668
1013,2023-02-03,Bob,North,6520.2,42,Clothing,4625.33,4642.83,0.19,194263.86,194998.86,37049.7834
1060,2023-01-17,Bob,South,2747.28,3,Electronics,1190.41,1582.89,0.02,3571.2300000000005,4748.67,94.9734
1007,2023-06-14,Alice,North,249.6,9,Clothing,1481.76,1668.95,0.12,13335.84,15020.550000000001,1802.4660000000001
1057,2023-06-02,Bob,South,9653.65,12,Electronics,1878.3,2087.45,0.05,22539.6,25049.399999999998,1252.47
1036,2023-03-17,Alice,East,2583.84,23,Food,3335.53,3742.12,0.03,76717.19,86068.76,2582.0627999999997
1045,2023-03-28,Eve,West,6792.66,14,Clothing,635.28,831.13,0.17,8893.92,11635.82,1978.0894
1020,2023-04-27,Alice,South,7095.64,33,Furniture,4772.03,4805.17,0.28,157476.99,158570.61000000002,44399.770800000006
1065,2023-12-28,David,West,6139.07,18,Food,4334.58,4431.04,0.02,78022.44,79758.72,1595.1744
1008,2023-12-08,Alice,South,3197.78,49,Electronics,2907.22,3385.61,0.13,142453.78,165894.89,21566.335700000003
1016,2023-01-27,Eve,North,2783.85,41,Food,3386.49,3430.99,0.21,138846.09,140670.59,29540.8239
1014,2023-11-09,David,North,6016.92,9,Electronics,132.47,316.39,0.14,1192.23,2847.5099999999998,398.6514
1076,2023-10-14,Charlie,South,8674.35,23,Food,1727.78,1984.34,0.24,39738.94,45639.82,10953.5568
1087,2023-05-14,Charlie,West,9472.66,10,Electronics,3988.52,4240.23,0.05,39885.2,42402.299999999996,2120.115
1015,2023-08-07,Alice,East,1148.47,19,Clothing,433.54,445.48,0.29,8237.26,8464.12,2454.5948
1092,2023-06-17,Alice,East,1632.8,47,Furniture,1447.45,1703.02,0.12,68030.15000000001,80041.94,9605.032799999999
1098,2023-04-08,Eve,North,9452.89,5,Electronics,2947.22,3145.27,0.1,14736.099999999999,15726.35,1572.6350000000002
1066,2023-09-25,Eve,East,7391.7,47,Food,1319.24,1805.56,0.26,62004.28,84861.31999999999,22063.943199999998
1032,2023-08-25,Bob,North,8841.64,23,Electronics,4673.19,4761.18,0.17,107483.37,109507.14000000001,18616.213800000005
1087,2023-11-05,Eve,East,2106.06,30,Electronics,698.74,882.28,0.15,20962.2,26468.399999999998,3970.2599999999993
1063,2023-06-22,Bob,South,5917.1,25,Electronics,3997.1,4212.65,0.22,99927.5,105316.24999999999,23169.574999999997
1086,2023-07-09,David,North,7041.28,28,Food,2564.35,2765.79,0.17,71801.8,77442.12,13165.1604
1051,2023-05-02,Alice,North,6833.11,34,Furniture,3764.14,4100.4,0.05,127980.76,139413.59999999998,6970.679999999999
1025,2023-02-15,David,South,4140.7,45,Clothing,1588.04,1703.64,0.2,71461.8,76663.8,15332.760000000002
1058,2023-03-05,Eve,North,252.41,48,Furniture,2596.72,2715.05,0.04,124642.56,130322.40000000001,5212.896000000001
1063,2023-05-10,David,East,5870.97,47,Electronics,4291.33,4658.64,0.24,201692.51,218956.08000000002,52549.459200000005
1062,2023-11-06,David,East,2605.71,25,Food,2361.05,2616.19,0.3,59026.25000000001,65404.75,19621.425
1022,2023-12-29,David,North,4557.52,10,Furniture,1830.61,2044.04,0.11,18306.1,20440.4,2248.444
1058,2023-07-12,Eve,East,9580.05,14,Electronics,2703.97,2796.88,0.13,37855.579999999994,39156.32,5090.3216
1058,2023-11-03,David,West,4050.45,42,Clothing,3600.95,3702.84,0.01,151239.9,155519.28,1555.1928
1086,2023-06-30,Bob,North,8414.04,46,Clothing,2245.64,2260.81,0.0,103299.43999999999,103997.26,0.0
1049,2023-10-19,Eve,South,1966.55,30,Clothing,4697.44,4752.24,0.28,140923.19999999998,142567.19999999998,39918.816
1052,2023-10-09,David,West,6757.36,41,Electronics,1509.98,1792.83,0.04,61909.18,73506.03,2940.2412
1042,2023-01-29,Eve,North,9772.37,25,Food,2403.54,2850.56,0.13,60088.5,71264.0,9264.32
1070,2023-05-29,Charlie,South,1108.74,14,Furniture,3796.79,3947.5,0.24,53155.06,55265.0,13263.6
1015,2023-09-24,Bob,East,182.37,35,Clothing,3461.15,3631.75,0.27,121140.25,127111.25,34320.037500000006
1054,2023-10-23,David,South,4392.47,48,Electronics,4325.02,4391.67,0.16,207600.96000000002,210800.16,33728.0256
1060,2023-01-11,Charlie,West,1016.99,34,Electronics,4984.21,5184.64,0.17,169463.14,176277.76,29967.219200000003
1097,2023-06-13,Charlie,East,7509.01,10,Furniture,2162.95,2191.19,0.2,21629.5,21911.9,4382.38
1008,2023-04-23,Eve,North,9154.03,35,Clothing,600.2,1059.82,0.29,21007.0,37093.7,10757.172999999999
1053,2023-07-06,Charlie,East,4396.81,11,Electronics,200.56,540.38,0.18,2206.16,5944.18,1069.9524000000001
1060,2023-10-22,Bob,North,2661.25,11,Furniture,3648.04,4143.51,0.17,40128.44,45578.61,7748.363700000001
1005,2023-08-20,Bob,North,4400.59,21,Food,4376.37,4818.95,0.0,91903.77,101197.95,0.0
1068,2023-08-15,Alice,South,7262.13,21,Food,1142.53,1384.3,0.02,23993.13,29070.3,581.406
1006,2023-11-06,Bob,South,189.64,22,Food,834.32,1098.97,0.17,18355.04,24177.34,4110.147800000001
1096,2023-04-08,Charlie,South,5935.59,45,Clothing,357.92,461.3,0.28,16106.400000000001,20758.5,5812.38
1094,2023-02-24,Bob,West,6171.59,7,Furniture,4122.38,4358.78,0.26,28856.66,30511.46,7932.9796
1047,2023-04-21,Eve,West,6413.11,17,Furniture,1591.34,2043.82,0.29,27052.78,34744.94,10076.0326
1099,2023-06-01,Alice,South,2496.02,2,Electronics,2038.4,2073.32,0.16,4076.8,4146.64,663.4624000000001
1055,2023-09-03,Charlie,West,7169.12,12,Electronics,2538.61,2971.75,0.24,30463.32,35661.0,8558.64
1040,2023-03-10,Alice,East,1004.78,42,Electronics,4205.29,4382.35,0.25,176622.18,184058.7,46014.675
1052,2023-11-08,Charlie,East,2072.78,18,Furniture,3271.62,3722.38,0.19,58889.159999999996,67002.84,12730.5396
1016,2023-10-16,Eve,West,8786.95,11,Electronics,3094.57,3565.6,0.1,34040.270000000004,39221.6,3922.16
1013,2023-09-07,Alice,West,7413.36,16,Furniture,919.58,1258.3,0.14,14713.28,20132.8,2818.592
1030,2023-02-05,David,East,236.08,49,Furniture,2590.29,2925.86,0.26,126924.20999999999,143367.14,37275.4564
1019,2023-08-27,Charlie,North,2558.92,18,Food,3591.14,3822.99,0.09,64640.52,68813.81999999999,6193.243799999999
1017,2023-05-28,David,East,2222.62,35,Electronics,4867.64,5287.05,0.28,170367.40000000002,185046.75,51813.090000000004
1063,2023-08-15,Alice,East,2780.98,26,Food,1046.96,1528.15,0.07,27220.96,39731.9,2781.233
1019,2023-09-01,David,West,2550.84,16,Clothing,97.24,487.03,0.22,1555.84,7792.48,1714.3455999999999
1092,2023-12-03,David,East,719.01,6,Clothing,422.74,737.49,0.19,2536.44,4424.9400000000005,840.7386000000001
1058,2023-12-31,Alice,West,4643.51,44,Clothing,1910.47,2217.8,0.22,84060.68000000001,97583.20000000001,21468.304000000004
1055,2023-07-20,Eve,West,7354.06,43,Furniture,4111.7,4537.94,0.13,176803.1,195131.41999999998,25367.0846
1090,2023-06-03,David,South,6106.64,47,Furniture,85.35,360.54,0.28,4011.45,16945.38,4744.706400000001
1090,2023-03-14,David,East,6761.43,47,Furniture,2310.82,2714.71,0.19,108608.54000000001,127591.37,24242.3603
1062,2023-07-20,Eve,North,903.38,48,Electronics,1679.69,1939.04,0.09,80625.12,93073.92,8376.6528
1023,2023-10-23,David,South,9519.76,42,Food,309.78,350.38,0.19,13010.759999999998,14715.96,2796.0324
1009,2023-01-17,David,West,8401.07,12,Furniture,2278.67,2476.8,0.09,27344.04,29721.600000000002,2674.944
1012,2023-05-09,David,West,8070.39,13,Food,1311.01,1538.79,0.09,17043.13,20004.27,1800.3843
1001,2023-08-05,Bob,North,8247.54,4,Food,1791.83,1871.22,0.12,7167.32,7484.88,898.1856
1058,2023-03-02,Eve,West,9333.83,39,Food,3542.8,3603.02,0.26,138169.2,140517.78,36534.6228
1001,2023-04-14,David,East,5488.11,2,Electronics,2631.68,2904.06,0.15,5263.36,5808.12,871.218
1034,2023-02-11,Eve,South,2082.79,26,Electronics,667.0,718.72,0.2,17342.0,18686.72,3737.3440000000005
1096,2023-01-25,Charlie,West,6206.16,27,Clothing,4809.0,4967.44,0.12,129843.0,134120.87999999998,16094.505599999997
1048,2023-02-08,Charlie,West,7454.53,27,Clothing,3197.76,3572.61,0.08,86339.52,96460.47,7716.8376
1089,2023-10-18,David,North,7405.38,15,Food,3841.05,4323.62,0.29,57615.75,64854.299999999996,18807.746999999996
1001,2023-05-11,Eve,East,5262.35,8,Clothing,442.11,803.87,0.18,3536.88,6430.96,1157.5728
1016,2023-08-17,Eve,West,777.74,7,Food,282.94,779.33,0.28,1980.58,5455.31,1527.4868000000004
1061,2023-04-18,Eve,North,3774.02,47,Electronics,146.27,498.46,0.06,6874.6900000000005,23427.62,1405.6571999999999
1064,2023-06-21,Bob,West,9215.59,46,Electronics,984.53,1138.49,0.04,45288.38,52370.54,2094.8216
1063,2023-04-12,Charlie,North,5886.04,40,Electronics,2101.32,2440.63,0.26,84052.8,97625.20000000001,25382.552000000003
1069,2023-12-20,Eve,North,5429.49,12,Furniture,4682.34,5036.4,0.2,56188.08,60436.799999999996,12087.36
1022,2023-01-12,Eve,East,2761.65,13,Food,2312.45,2504.6,0.06,30061.85,32559.8,1953.588
1093,2023-10-02,Bob,West,3747.64,43,Electronics,1486.76,1505.44,0.08,63930.68,64733.920000000006,5178.713600000001
1067,2023-04-11,Bob,East,8963.93,17,Food,2831.58,3186.15,0.24,48136.86,54164.55,12999.492
1076,2023-02-13,Eve,North,6697.98,17,Clothing,604.08,624.71,0.14,10269.36,10620.07,1486.8098
1026,2023-11-01,Alice,South,7895.13,36,Clothing,3067.05,3386.33,0.2,110413.8,121907.88,24381.576
1016,2023-01-17,Eve,West,4598.02,21,Electronics,2863.74,2953.91,0.1,60138.53999999999,62032.11,6203.211
1051,2023-11-26,Eve,South,6339.45,8,Food,3970.37,4257.52,0.11,31762.96,34060.16,3746.6176000000005
1086,2023-02-26,Bob,West,2559.0,5,Electronics,4934.1,5191.02,0.3,24670.5,25955.100000000002,7786.530000000001
1057,2023-11-07,Bob,East,7084.06,26,Clothing,1291.82,1308.44,0.07,33587.32,34019.44,2381.3608000000004
1029,2023-10-30,Eve,East,4333.25,16,Electronics,2572.8,2760.6,0.15,41164.8,44169.6,6625.44
1078,2023-01-12,Eve,East,4481.2,36,Food,4548.88,4853.41,0.25,163759.68,174722.76,43680.69
1092,2023-11-14,Eve,East,6528.29,28,Clothing,3936.69,4362.51,0.07,110227.32,122150.28,8550.519600000001
1069,2023-03-21,Bob,East,9369.18,29,Furniture,2462.66,2908.09,0.12,71417.14,84334.61,10120.153199999999
1047,2023-08-04,Eve,South,733.66,47,Clothing,4729.59,4976.68,0.18,222290.73,233903.96000000002,42102.7128
1094,2023-12-05,Eve,East,8264.96,12,Furniture,333.32,700.25,0.14,3999.84,8403.0,1176.42
1062,2023-09-21,David,North,2994.59,37,Electronics,4658.44,4823.5,0.14,172362.28,178469.5,24985.730000000003
1069,2023-05-29,Alice,North,4494.8,30,Electronics,300.01,477.68,0.11,9000.3,14330.4,1576.344
1076,2023-03-22,Charlie,South,316.94,23,Food,2759.16,2864.45,0.18,63460.67999999999,65882.34999999999,11858.822999999999
1016,2023-08-03,Alice,West,3080.36,16,Furniture,4457.68,4743.03,0.19,71322.88,75888.48,14418.8112
1090,2023-07-17,David,North,5076.05,14,Electronics,1350.47,1514.61,0.2,18906.58,21204.539999999997,4240.907999999999
1090,2023-07-19,Charlie,West,656.14,10,Furniture,2387.63,2438.97,0.02,23876.300000000003,24389.699999999997,487.7939999999999
1048,2023-01-25,Eve,South,4961.85,7,Electronics,1655.43,2001.08,0.19,11588.01,14007.56,2661.4364
1085,2023-03-30,David,West,9278.4,45,Clothing,4763.11,5119.91,0.29,214339.94999999998,230395.94999999998,66814.82549999999
1039,2023-09-25,Eve,West,1143.39,37,Electronics,4127.05,4313.45,0.16,152700.85,159597.65,25535.624
1100,2023-05-23,Bob,West,7667.96,29,Food,3559.56,3607.15,0.21,103227.24,104607.35,21967.5435
1033,2023-02-28,David,West,4155.74,3,Clothing,2958.75,3177.64,0.17,8876.25,9532.92,1620.5964000000001
1094,2023-12-31,Bob,South,6586.22,15,Food,4111.93,4338.67,0.26,61678.950000000004,65080.05,16920.813000000002
1023,2023-01-26,David,North,2676.34,36,Clothing,1991.72,2329.37,0.28,71701.92,83857.31999999999,23480.0496
1010,2023-02-16,David,East,1678.97,47,Furniture,2265.38,2429.93,0.06,106472.86,114206.70999999999,6852.402599999999
1069,2023-10-15,Bob,West,1688.58,46,Food,3663.51,4007.98,0.13,168521.46000000002,184367.08,23967.7204
1100,2023-09-23,Charlie,North,797.87,19,Electronics,1820.89,2257.92,0.12,34596.91,42900.48,5148.0576
1034,2023-01-16,Alice,North,1937.9,13,Furniture,366.31,492.68,0.12,4762.03,6404.84,768.5808
1052,2023-07-18,Eve,South,6675.77,42,Electronics,417.96,907.63,0.04,17554.32,38120.46,1524.8183999999999
1095,2023-10-09,David,North,8828.74,21,Clothing,621.05,820.37,0.24,13042.05,17227.77,4134.6648
1010,2023-03-27,Eve,South,8159.84,37,Clothing,4354.92,4495.88,0.01,161132.04,166347.56,1663.4756
1019,2023-09-07,Bob,West,6882.83,27,Electronics,2387.52,2604.06,0.16,64463.04,70309.62,11249.5392
1058,2023-09-27,Eve,West,1193.28,29,Electronics,3578.77,3635.02,0.2,103784.33,105415.58,21083.116
1096,2023-12-01,Bob,East,2962.96,20,Furniture,1994.9,2066.5,0.06,39898.0,41330.0,2479.7999999999997
1001,2023-04-27,Eve,East,3167.09,25,Electronics,1330.62,1543.69,0.27,33265.5,38592.25,10419.907500000001
1069,2023-01-07,Alice,East,2574.57,6,Food,1768.6,2152.2,0.25,10611.599999999999,12913.199999999999,3228.2999999999997
1004,2023-05-17,Alice,North,5198.56,36,Food,3981.2,4432.35,0.14,143323.19999999998,159564.6,22339.044
1016,2023-06-25,Alice,West,5401.98,2,Electronics,3144.82,3480.58,0.12,6289.64,6961.16,835.3392
1024,2023-11-24,Alice,South,3633.17,22,Food,4691.32,4752.88,0.07,103209.04,104563.36,7319.435200000001
1080,2023-11-11,Alice,East,3602.51,32,Electronics,3414.54,3753.83,0.22,109265.28,120122.56,26426.9632
1002,2023-08-03,Alice,South,8302.7,16,Furniture,2872.4,3193.76,0.04,45958.4,51100.16,2044.0064000000002
1092,2023-03-23,Bob,South,7914.0,18,Food,3070.47,3475.29,0.2,55268.46,62555.22,12511.044000000002
1032,2023-08-11,David,East,3147.18,5,Food,4714.74,5129.11,0.25,23573.699999999997,25645.55,6411.3875
1091,2023-04-13,Eve,West,9146.51,36,Electronics,3951.59,4387.01,0.07,142257.24,157932.36000000002,11055.265200000002
1084,2023-09-30,Alice,East,9532.87,30,Food,169.0,381.92,0.26,5070.0,11457.6,2978.976
1024,2023-01-14,Bob,South,3334.75,45,Clothing,2693.99,3045.94,0.01,121229.54999999999,137067.3,1370.673
1012,2023-06-08,Bob,East,3608.81,19,Furniture,3457.28,3598.72,0.27,65688.32,68375.68,18461.4336
1050,2023-06-01,Bob,South,5105.78,23,Furniture,3756.06,4255.73,0.04,86389.38,97881.79,3915.2716
1035,2023-04-18,David,South,9417.1,34,Food,1105.05,1200.96,0.19,37571.7,40832.64,7758.2016
1033,2023-07-07,Eve,East,8775.56,13,Food,4342.53,4357.49,0.08,56452.89,56647.369999999995,4531.7896
1033,2023-10-28,David,North,1115.42,43,Clothing,4781.42,4864.34,0.25,205601.06,209166.62,52291.655
1061,2023-04-08,Charlie,East,3988.03,29,Clothing,1221.74,1611.92,0.15,35430.46,46745.68,7011.852
1051,2023-05-11,Bob,North,5578.37,36,Food,4418.95,4647.87,0.04,159082.19999999998,167323.32,6692.9328000000005
1043,2023-10-20,Charlie,South,5081.01,22,Food,530.04,759.32,0.17,11660.88,16705.04,2839.8568000000005
1012,2023-06-20,Alice,South,2019.24,47,Clothing,325.75,803.71,0.12,15310.25,37774.37,4532.9244
1067,2023-07-02,Alice,North,8602.29,36,Electronics,689.66,1150.28,0.2,24827.76,41410.08,8282.016000000001
1065,2023-12-30,David,South,6801.71,9,Clothing,335.82,498.31,0.26,3022.38,4484.79,1166.0454
1033,2023-02-08,Eve,North,8395.29,39,Electronics,4232.81,4345.25,0.12,165079.59000000003,169464.75,20335.77
1040,2023-01-15,Charlie,North,8601.77,19,Furniture,342.3,768.06,0.09,6503.7,14593.14,1313.3826
1074,2023-01-04,Eve,South,7508.72,38,Furniture,1394.74,1848.69,0.0,53000.12,70250.22,0.0
1043,2023-12-15,David,West,4448.18,6,Clothing,563.59,838.97,0.17,3381.54,5033.82,855.7494
1044,2023-07-29,Alice,North,6144.41,47,Electronics,1512.34,1830.76,0.12,71079.98,86045.72,10325.4864
1029,2023-06-10,Eve,East,1687.62,15,Clothing,498.27,634.16,0.11,7474.049999999999,9512.4,1046.364
1013,2023-01-16,Eve,East,6769.09,20,Clothing,3356.62,3759.01,0.05,67132.4,75180.20000000001,3759.0100000000007
1012,2023-04-18,Alice,South,1874.61,9,Electronics,709.97,1029.71,0.13,6389.7300000000005,9267.39,1204.7607
1095,2023-11-07,Charlie,West,6970.1,32,Clothing,4266.64,4523.36,0.3,136532.48,144747.52,43424.255999999994
1046,2023-08-15,Alice,South,2373.02,4,Furniture,4095.1,4134.55,0.09,16380.4,16538.2,1488.438
1002,2023-06-19,Eve,West,1263.76,18,Food,117.63,576.44,0.18,2117.34,10375.920000000002,1867.6656000000003
1035,2023-02-03,Charlie,North,1736.32,5,Food,4483.85,4795.42,0.23,22419.25,23977.1,5514.733
1087,2023-09-08,Charlie,North,119.72,20,Clothing,193.27,297.69,0.22,3865.4,5953.8,1309.836
1081,2023-09-04,Alice,North,7215.52,23,Electronics,1236.25,1543.38,0.1,28433.75,35497.740000000005,3549.774000000001
1090,2023-09-26,Eve,North,7350.77,11,Electronics,210.33,552.29,0.18,2313.63,6075.19,1093.5341999999998
1008,2023-05-21,David,East,5197.84,37,Furniture,1712.43,1980.06,0.26,63359.91,73262.22,19048.177200000002
1093,2023-10-01,Eve,East,1697.49,22,Electronics,2593.64,2955.51,0.0,57060.079999999994,65021.22,0.0
1026,2023-04-06,Bob,South,927.19,4,Electronics,3993.39,4288.3,0.13,15973.56,17153.2,2229.916
1074,2023-08-15,David,West,289.38,29,Furniture,1723.01,2197.42,0.07,49967.29,63725.18,4460.7626
1090,2023-02-08,Charlie,North,1740.91,44,Clothing,3542.18,3578.49,0.12,155855.91999999998,157453.56,18894.4272
1034,2023-10-29,David,North,8919.47,34,Food,978.15,1040.21,0.12,33257.1,35367.14,4244.056799999999
1007,2023-01-29,Charlie,West,2491.21,13,Furniture,3765.46,3860.56,0.22,48950.98,50187.28,11041.2016
1068,2023-11-14,Charlie,West,3607.29,42,Clothing,1218.18,1566.36,0.03,51163.560000000005,65787.12,1973.6135999999997
1058,2023-09-02,David,South,1142.92,9,Furniture,760.55,1086.89,0.15,6844.95,9782.01,1467.3015
1075,2023-08-24,Charlie,West,2301.38,42,Clothing,967.77,1414.88,0.17,40646.34,59424.96000000001,10102.243200000003
1029,2023-07-04,Charlie,North,5240.32,31,Furniture,951.21,1320.32,0.15,29487.510000000002,40929.92,6139.487999999999
1036,2023-09-29,Bob,North,6116.75,7,Clothing,2588.67,2847.76,0.22,18120.690000000002,19934.32,4385.5504
1089,2023-08-24,Eve,North,2528.99,4,Furniture,4231.75,4727.75,0.12,16927.0,18911.0,2269.3199999999997
1021,2023-08-27,Eve,North,671.55,19,Clothing,444.05,584.44,0.28,8436.95,11104.36,3109.2208000000005
1036,2023-09-23,Bob,North,3971.23,42,Furniture,3549.43,3967.69,0.14,149076.06,166642.98,23330.017200000002
1010,2023-12-25,David,South,2418.61,30,Food,3289.01,3508.14,0.17,98670.3,105244.2,17891.514
1073,2023-12-06,Alice,North,2273.58,31,Food,4368.97,4696.85,0.25,135438.07,145602.35,36400.5875
1024,2023-03-06,Alice,South,9602.64,35,Electronics,1258.53,1624.89,0.08,44048.549999999996,56871.15,4549.692
1064,2023-06-26,Alice,North,6201.37,21,Clothing,2278.04,2598.58,0.02,47838.84,54570.18,1091.4036
1099,2023-01-03,Bob,East,5613.1,31,Furniture,4632.85,4711.7,0.21,143618.35,146062.69999999998,30673.166999999994
1049,2023-05-22,Bob,East,4216.17,19,Clothing,3316.97,3544.02,0.14,63022.42999999999,67336.38,9427.093200000001
1099,2023-06-07,Charlie,East,4346.55,31,Food,1974.4,2259.5,0.27,61206.4,70044.5,18912.015000000003
1036,2023-11-20,Alice,East,5454.96,32,Clothing,700.49,1126.52,0.29,22415.68,36048.64,10454.105599999999
1082,2023-05-26,David,South,6994.66,2,Furniture,1349.3,1576.69,0.12,2698.6,3153.38,378.4056
1096,2023-10-20,David,South,7051.25,10,Clothing,2927.02,3387.21,0.12,29270.2,33872.1,4064.6519999999996
1024,2023-06-02,Alice,West,1799.77,2,Furniture,3604.93,3830.71,0.12,7209.86,7661.42,919.3704
1023,2023-07-12,Alice,North,5051.12,2,Food,665.89,944.79,0.1,1331.78,1889.58,188.958
1062,2023-03-14,Alice,East,4178.39,24,Food,3018.01,3418.19,0.23,72432.24,82036.56,18868.4088
1096,2023-11-01,Bob,South,8718.22,17,Food,2774.24,3069.94,0.23,47162.079999999994,52188.98,12003.465400000001
1037,2023-12-10,Bob,North,6351.05,32,Electronics,2594.08,3074.59,0.14,83010.56,98386.88,13774.163200000003
1012,2023-05-20,Bob,North,5371.79,16,Food,3466.11,3799.67,0.01,55457.76,60794.72,607.9472000000001
1055,2023-07-06,Eve,South,1242.41,16,Clothing,4195.38,4461.51,0.09,67126.08,71384.16,6424.5744
1013,2023-10-20,David,East,6095.82,46,Electronics,1648.8,1670.36,0.09,75844.8,76836.56,6915.2904
1023,2023-03-02,David,West,1260.32,39,Food,4450.61,4663.34,0.24,173573.78999999998,181870.26,43648.8624
1089,2023-07-17,Charlie,North,3438.35,31,Clothing,845.14,1001.77,0.03,26199.34,31054.87,931.6460999999999
1099,2023-10-22,Bob,West,1514.14,43,Clothing,906.47,1283.04,0.24,38978.21,55170.72,13240.9728
1030,2023-11-15,Eve,East,6951.53,24,Clothing,1370.52,1482.58,0.2,32892.479999999996,35581.92,7116.384
1017,2023-10-29,Eve,East,2141.9,1,Furniture,641.68,752.24,0.22,641.68,752.24,165.49280000000002
1062,2023-12-10,David,West,3979.41,11,Electronics,1190.08,1292.94,0.13,13090.88,14222.34,1848.9042000000002
1084,2023-01-11,Bob,East,8967.18,21,Clothing,576.74,648.29,0.2,12111.54,13614.09,2722.818
1089,2023-03-03,Charlie,North,2122.73,4,Furniture,4117.67,4280.06,0.18,16470.68,17120.24,3081.6432
1086,2023-11-29,Bob,West,5127.27,7,Food,737.9,1182.0,0.23,5165.3,8274.0,1903.02
1013,2023-08-14,Alice,East,4250.79,26,Clothing,3749.12,4138.83,0.13,97477.12,107609.58,13989.245400000002
1059,2023-06-02,Bob,West,279.43,47,Furniture,287.17,657.44,0.14,13496.990000000002,30899.680000000004,4325.955200000001
1019,2023-07-18,Alice,North,7948.31,12,Clothing,4745.18,5145.88,0.19,56942.16,61750.56,11732.6064
1049,2023-02-21,Alice,East,783.55,31,Electronics,3570.24,3712.25,0.03,110677.43999999999,115079.75,3452.3925
1100,2023-09-17,Charlie,North,4795.12,17,Electronics,83.64,528.49,0.13,1421.88,8984.33,1167.9629
1012,2023-02-28,David,East,5650.72,33,Food,3831.09,3908.37,0.29,126425.97,128976.20999999999,37403.1009
1061,2023-03-13,Bob,South,6321.42,11,Clothing,2594.71,2769.52,0.01,28541.81,30464.72,304.6472
1019,2023-05-28,Alice,East,6917.45,28,Furniture,3907.86,4205.37,0.09,109420.08,117750.36,10597.5324
1076,2023-12-15,Bob,West,2607.4,32,Food,2636.36,2696.78,0.09,84363.52,86296.96,7766.7264000000005
1009,2023-03-04,David,East,198.79,1,Clothing,3223.07,3590.83,0.19,3223.07,3590.83,682.2577
1071,2023-11-06,David,North,7262.09,47,Food,3942.34,4142.09,0.03,185289.98,194678.23,5840.3469000000005
1028,2023-08-31,Eve,North,5403.0,28,Furniture,2055.28,2449.64,0.19,57547.840000000004,68589.92,13032.0848
1078,2024-01-01,David,East,8377.57,42,Food,63.41,314.93,0.03,2663.22,13227.06,396.81179999999995
1095,2023-11-26,Charlie,West,8231.74,7,Food,4257.24,4355.87,0.03,29800.68,30491.09,914.7327
1052,2023-04-17,Alice,South,8448.93,2,Food,1935.41,2305.44,0.22,3870.82,4610.88,1014.3936
1083,2023-08-14,Eve,West,4902.44,42,Clothing,2505.41,2638.96,0.1,105227.22,110836.32,11083.632000000001
1016,2023-11-09,Charlie,South,3402.92,24,Furniture,88.44,338.94,0.29,2122.56,8134.5599999999995,2359.0224
1069,2023-08-06,Bob,North,7936.43,4,Electronics,2485.86,2532.87,0.01,9943.44,10131.48,101.31479999999999
1099,2023-08-29,Alice,West,4567.81,44,Clothing,4933.11,5245.86,0.13,217056.84,230817.84,30006.3192
1012,2023-09-16,David,South,1916.08,19,Electronics,1427.42,1763.69,0.03,27120.980000000003,33510.11,1005.3033
1025,2023-09-19,Alice,East,8564.24,26,Electronics,2007.32,2202.87,0.11,52190.32,57274.619999999995,6300.208199999999
1052,2023-01-05,Bob,North,8837.34,11,Clothing,3451.59,3929.26,0.3,37967.490000000005,43221.86,12966.557999999999
1085,2023-09-18,Eve,East,4716.47,40,Clothing,4083.23,4521.57,0.27,163329.2,180862.8,48832.956
1100,2023-02-23,Eve,North,849.43,43,Furniture,2116.09,2472.98,0.01,90991.87000000001,106338.14,1063.3814
1053,2023-02-16,Eve,West,3939.48,11,Furniture,1582.86,1942.55,0.17,17411.46,21368.05,3632.5685000000003
1023,2023-08-03,David,West,8055.02,45,Food,4692.24,4825.92,0.19,211150.8,217166.4,41261.616
1016,2023-06-26,Charlie,North,9027.56,3,Electronics,3401.87,3733.71,0.06,10205.61,11201.130000000001,672.0678
1057,2023-01-09,Charlie,North,2114.38,12,Furniture,639.16,746.28,0.04,7669.92,8955.36,358.2144
1039,2023-04-09,Alice,North,763.04,3,Food,391.19,471.75,0.27,1173.57,1415.25,382.1175
1053,2023-01-20,David,West,8785.77,42,Furniture,2443.57,2943.31,0.29,102629.94,123619.02,35849.5158
1042,2023-08-29,Eve,South,3955.11,27,Clothing,1139.45,1454.41,0.3,30765.15,39269.07,11780.721
1058,2023-03-02,Eve,East,5463.43,49,Furniture,1307.22,1528.4,0.24,64053.78,74891.6,17973.984
1039,2023-06-27,Bob,East,9683.85,2,Electronics,4394.58,4545.78,0.2,8789.16,9091.56,1818.312
1014,2023-12-04,Bob,West,758.99,49,Furniture,493.35,799.27,0.1,24174.15,39164.229999999996,3916.423
1095,2023-03-03,Eve,East,6518.35,16,Electronics,3591.05,3625.35,0.05,57456.8,58005.6,2900.28
1005,2023-05-25,Eve,North,833.64,2,Clothing,1392.15,1448.54,0.02,2784.3,2897.08,57.9416
1035,2023-08-04,David,South,3817.14,30,Electronics,3813.62,3839.72,0.21,114408.59999999999,115191.59999999999,24190.235999999997
1087,2023-01-03,Charlie,East,8057.76,20,Furniture,3625.94,3880.53,0.24,72518.8,77610.6,18626.544
1093,2023-06-09,Bob,South,4391.38,38,Food,86.59,390.89,0.25,3290.42,14853.82,3713.455
1075,2023-08-15,Charlie,North,9972.11,28,Clothing,2570.22,2610.84,0.27,71966.15999999999,73103.52,19737.9504
1018,2023-09-26,David,East,5634.69,25,Furniture,739.63,1103.03,0.26,18490.75,27575.75,7169.695000000001
1076,2023-04-30,Eve,West,3279.51,32,Clothing,4337.82,4460.71,0.3,138810.24,142742.72,42822.816
1009,2023-03-30,Charlie,South,2279.1,10,Clothing,4364.35,4710.1,0.07,43643.5,47101.0,3297.07
1074,2023-11-25,Eve,North,3570.15,42,Furniture,2120.81,2611.94,0.23,89074.02,109701.48,25231.3404
1058,2023-03-09,Eve,South,3788.08,40,Furniture,2249.76,2598.4,0.18,89990.40000000001,103936.0,18708.48
1017,2023-12-23,Alice,East,780.27,33,Food,1551.25,1994.01,0.08,51191.25,65802.33,5264.1864000000005
1007,2023-04-08,Charlie,East,3758.78,13,Clothing,3597.2,4071.82,0.29,46763.6,52933.66,15350.7614
1046,2023-09-24,Charlie,West,4695.96,41,Clothing,1825.37,2073.88,0.27,74840.17,85029.08,22957.8516
1013,2023-04-15,Eve,North,7255.1,42,Furniture,1375.57,1729.71,0.04,57773.939999999995,72647.82,2905.9128000000005
1040,2023-11-19,David,North,6601.62,47,Electronics,2189.54,2617.0,0.01,102908.38,122999.0,1229.99
1042,2023-05-03,Alice,West,7116.78,37,Furniture,502.86,687.6,0.21,18605.82,25441.2,5342.652
1009,2023-01-29,Eve,West,182.8,16,Clothing,3745.69,3883.77,0.18,59931.04,62140.32,11185.257599999999
1050,2023-05-17,Bob,North,2254.91,45,Furniture,112.35,586.18,0.28,5055.75,26378.1,7385.868
1027,2023-07-14,Bob,South,6650.67,22,Food,3240.2,3606.09,0.07,71284.4,79333.98000000001,5553.378600000001
1066,2023-08-14,Alice,South,4891.49,20,Electronics,955.18,1072.82,0.03,19103.6,21456.399999999998,643.6919999999999
1005,2023-11-28,David,West,152.6,43,Furniture,1200.4,1430.45,0.08,51617.200000000004,61509.35,4920.748
1029,2023-06-19,Eve,South,8064.5,27,Food,3196.38,3596.64,0.01,86302.26000000001,97109.28,971.0928
1037,2023-01-09,Charlie,North,7750.81,41,Clothing,4965.07,5243.13,0.01,203567.87,214968.33000000002,2149.6833
1038,2023-02-09,Alice,East,5529.35,16,Furniture,3899.7,4228.18,0.27,62395.2,67650.88,18265.737600000004
1083,2023-01-25,David,East,757.99,34,Clothing,1167.91,1547.26,0.11,39708.94,52606.84,5786.752399999999
1008,2023-09-18,Charlie,South,7688.5,32,Food,921.32,1236.1,0.12,29482.24,39555.2,4746.624
1065,2023-08-14,Bob,West,5878.76,26,Clothing,4337.85,4612.49,0.01,112784.1,119924.73999999999,1199.2474
1086,2023-05-04,Bob,West,7841.4,25,Food,2248.71,2626.02,0.08,56217.75,65650.5,5252.04
1017,2023-02-07,Charlie,West,7542.3,2,Food,728.41,1094.92,0.24,1456.82,2189.84,525.5616
1071,2023-11-24,Alice,West,8049.72,12,Food,4317.95,4636.59,0.18,51815.399999999994,55639.08,10015.0344
1089,2023-09-08,Bob,West,5228.28,40,Furniture,4089.66,4275.96,0.23,163586.4,171038.4,39338.832
1045,2023-06-25,Eve,South,1489.21,9,Clothing,4920.34,5129.19,0.13,44283.06,46162.71,6001.1523
1004,2023-03-31,Charlie,East,6744.46,12,Clothing,4553.23,5038.74,0.09,54638.759999999995,60464.88,5441.839199999999
1036,2023-02-06,Charlie,East,6242.69,26,Electronics,4266.36,4331.43,0.14,110925.35999999999,112617.18000000001,15766.405200000003
1070,2023-11-12,Bob,South,7448.31,9,Electronics,310.24,451.81,0.1,2792.16,4066.29,406.629
1031,2023-06-25,Alice,West,1781.82,10,Electronics,566.86,818.14,0.25,5668.6,8181.4,2045.35
1019,2023-10-11,Eve,South,2030.25,32,Electronics,2866.47,3286.47,0.09,91727.04,105167.04,9465.033599999999
1061,2023-03-22,Alice,East,8915.05,34,Clothing,2680.82,2771.02,0.2,91147.88,94214.68,18842.935999999998
1054,2023-04-24,David,North,7524.78,48,Food,2316.92,2462.63,0.04,111212.16,118206.24,4728.2496
1039,2023-02-09,David,South,9091.46,20,Food,2014.11,2056.35,0.21,40282.2,41127.0,8636.67
1091,2023-10-28,Bob,West,7611.28,39,Furniture,2184.49,2540.42,0.27,85195.10999999999,99076.38,26750.622600000002
1074,2023-08-12,Bob,East,6011.84,2,Food,2868.02,2994.74,0.18,5736.04,5989.48,1078.1064
1090,2023-11-14,Bob,East,6575.91,1,Clothing,60.28,260.73,0.17,60.28,260.73,44.32410000000001
1019,2023-12-15,David,East,8902.37,36,Clothing,1340.51,1567.92,0.29,48258.36,56445.12,16369.084799999999
1039,2023-04-25,Alice,East,5830.19,24,Clothing,2615.48,3062.22,0.19,62771.520000000004,73493.28,13963.7232
1067,2023-07-05,Alice,West,6360.67,27,Furniture,3624.97,3836.52,0.08,97874.18999999999,103586.04,8286.8832
1045,2023-11-19,Bob,North,1649.12,2,Electronics,912.08,993.24,0.09,1824.16,1986.48,178.7832
1013,2023-02-25,Eve,East,4791.82,31,Food,2757.06,3023.97,0.21,85468.86,93743.06999999999,19686.0447
1092,2023-02-09,Alice,South,7192.33,14,Clothing,3586.58,4068.43,0.22,50212.119999999995,56958.02,12530.7644
1058,2023-12-20,David,North,2782.33,2,Clothing,2250.91,2558.68,0.09,4501.82,5117.36,460.56239999999997
1020,2023-02-09,Charlie,East,2102.32,29,Electronics,184.05,675.91,0.1,5337.450000000001,19601.39,1960.1390000000001
1092,2023-12-13,Charlie,North,3206.89,15,Clothing,2273.88,2696.02,0.3,34108.200000000004,40440.3,12132.09
1072,2023-08-25,Charlie,South,2490.86,12,Food,1517.4,1545.02,0.03,18208.800000000003,18540.239999999998,556.2072
1061,2023-10-16,Eve,East,2227.64,37,Furniture,4651.77,4984.39,0.12,172115.49000000002,184422.43000000002,22130.691600000002
1039,2023-09-19,Bob,South,4306.02,28,Clothing,666.84,817.36,0.02,18671.52,22886.08,457.7216
1001,2023-08-04,David,West,9087.6,20,Food,3279.76,3563.97,0.25,65595.20000000001,71279.4,17819.85
1003,2023-05-27,Eve,East,5119.89,39,Clothing,310.96,457.84,0.03,12127.439999999999,17855.76,535.6727999999999
1077,2023-12-02,David,East,1960.41,24,Electronics,2258.54,2439.49,0.2,54204.96,58547.759999999995,11709.552
1092,2023-06-17,David,East,862.02,21,Clothing,2792.2,3254.55,0.02,58636.2,68345.55,1366.911
1062,2023-04-02,Bob,East,6991.95,10,Clothing,1524.88,1636.14,0.2,15248.800000000001,16361.400000000001,3272.2800000000007
1063,2023-12-19,Charlie,West,3889.71,46,Furniture,2302.62,2740.93,0.25,105920.51999999999,126082.78,31520.695
1025,2023-02-28,Bob,East,8236.13,14,Electronics,859.59,884.51,0.12,12034.26,12383.14,1485.9768
1056,2023-02-28,Eve,North,6629.16,37,Electronics,1555.41,1609.94,0.16,57550.170000000006,59567.78,9530.8448
1033,2023-10-31,Eve,East,7982.79,18,Furniture,3124.48,3553.27,0.12,56240.64,63958.86,7675.0632
1038,2023-06-18,Eve,West,2792.27,24,Clothing,1543.91,1862.88,0.09,37053.840000000004,44709.12,4023.8208
1006,2023-09-26,Bob,East,6954.35,14,Food,4503.73,4879.88,0.24,63052.219999999994,68318.32,16396.396800000002
1058,2023-12-29,David,North,2714.21,34,Electronics,3160.61,3273.22,0.08,107460.74,111289.48,8903.1584
1044,2023-02-14,David,West,9396.78,12,Electronics,2221.31,2494.48,0.22,26655.72,29933.760000000002,6585.4272
1045,2023-12-11,Alice,West,6400.11,22,Clothing,241.85,613.09,0.06,5320.7,13487.980000000001,809.2788
1032,2023-06-30,Eve,North,3312.67,6,Clothing,2522.76,2840.14,0.07,15136.560000000001,17040.84,1192.8588000000002
1045,2023-06-19,David,North,2768.17,36,Electronics,3835.64,4076.77,0.1,138083.04,146763.72,14676.372000000001
1061,2023-12-22,Alice,North,1990.17,45,Clothing,1364.51,1844.8,0.18,61402.95,83016.0,14942.88
1047,2023-07-10,David,North,6976.95,36,Food,4043.53,4384.85,0.14,145567.08000000002,157854.6,22099.644000000004
1021,2023-06-04,Eve,North,2265.28,22,Electronics,1296.44,1751.24,0.22,28521.68,38527.28,8476.0016
1080,2023-07-07,Charlie,West,5993.5,14,Food,4127.54,4495.13,0.06,57785.56,62931.82,3775.9092
1085,2023-01-07,Eve,West,2719.89,16,Food,472.08,842.46,0.0,7553.28,13479.36,0.0
1075,2023-05-13,Bob,East,6653.49,36,Clothing,4337.61,4386.82,0.23,156153.96,157925.52,36322.8696
1036,2023-08-23,David,East,8167.9,25,Food,2520.97,2707.11,0.25,63024.24999999999,67677.75,16919.4375
1099,2023-02-14,David,South,7802.45,32,Clothing,1517.86,1948.46,0.02,48571.52,62350.72,1247.0144
1019,2023-11-10,Bob,East,7632.43,33,Furniture,1362.31,1486.29,0.18,44956.229999999996,49047.57,8828.5626
1020,2023-09-06,Bob,East,1958.45,45,Clothing,2188.45,2255.05,0.11,98480.24999999999,101477.25000000001,11162.497500000001
1057,2023-01-31,Charlie,North,975.01,36,Food,4995.3,5165.09,0.24,179830.80000000002,185943.24,44626.37759999999
1018,2023-01-23,David,North,7019.59,20,Furniture,1140.62,1258.63,0.26,22812.399999999998,25172.600000000002,6544.876000000001
1047,2023-06-09,David,East,3746.64,18,Clothing,560.92,1024.31,0.26,10096.56,18437.579999999998,4793.770799999999
1049,2023-12-29,Charlie,South,4380.23,38,Food,2945.92,3381.22,0.23,111944.96,128486.35999999999,29551.8628
1014,2023-06-07,Alice,North,408.38,3,Electronics,2468.29,2723.13,0.08,7404.87,8169.39,653.5512
1015,2023-02-08,Charlie,East,2669.81,23,Electronics,2644.77,2684.83,0.24,60829.71,61751.09,14820.261599999998
1031,2023-03-23,Eve,East,433.4,32,Clothing,3351.33,3711.47,0.16,107242.56,118767.04,19002.7264
1001,2023-12-22,David,West,8803.94,45,Clothing,1372.36,1687.83,0.02,61756.2,75952.34999999999,1519.0469999999998
1054,2023-09-15,Bob,South,2509.63,16,Electronics,4557.79,5043.36,0.14,72924.64,80693.76,11297.126400000001
1003,2023-07-25,Eve,West,5617.64,5,Food,2206.58,2490.47,0.28,11032.9,12452.349999999999,3486.658
1016,2023-03-18,David,South,485.9,4,Food,688.98,863.81,0.27,2755.92,3455.24,932.9148
1087,2023-01-12,Charlie,North,6701.79,21,Food,3724.38,3988.7,0.03,78211.98,83762.7,2512.881
1057,2023-10-22,Eve,South,3297.97,40,Clothing,3233.37,3723.21,0.22,129334.79999999999,148928.4,32764.248
1075,2023-08-12,David,East,8989.4,14,Furniture,1612.93,1964.15,0.24,22581.02,27498.100000000002,6599.544
1012,2023-01-13,Alice,East,8892.37,39,Furniture,3126.52,3465.79,0.08,121934.28,135165.81,10813.2648
1074,2023-02-15,Alice,South,3320.38,31,Furniture,1138.32,1266.25,0.14,35287.92,39253.75,5495.525000000001
1096,2023-06-04,Bob,South,9019.51,14,Furniture,2251.95,2626.32,0.21,31527.299999999996,36768.48,7721.380800000001
1016,2023-04-23,David,South,9961.96,6,Furniture,4502.09,4879.72,0.13,27012.54,29278.32,3806.1816
1072,2023-08-21,Alice,West,8271.62,12,Clothing,710.99,876.46,0.03,8531.880000000001,10517.52,315.5256
1076,2023-01-17,Charlie,South,8464.23,16,Clothing,1964.15,2211.17,0.21,31426.4,35378.72,7429.5312
1024,2023-12-26,David,North,2565.19,17,Furniture,4114.66,4269.02,0.27,69949.22,72573.34000000001,19594.801800000005
1028,2023-08-11,Charlie,West,5809.35,45,Clothing,4848.98,4985.75,0.2,218204.09999999998,224358.75,44871.75
1008,2023-12-20,Charlie,West,765.83,23,Clothing,2296.93,2319.62,0.23,52829.39,53351.259999999995,12270.789799999999
1092,2023-07-07,Alice,South,1039.69,14,Furniture,2559.65,2709.4,0.11,35835.1,37931.6,4172.476
1036,2023-12-10,David,North,9989.04,7,Food,2882.25,3163.7,0.05,20175.75,22145.899999999998,1107.2949999999998
1090,2023-12-31,Eve,West,3333.73,46,Clothing,4665.12,4675.9,0.19,214595.52,215091.4,40867.366
1008,2023-06-12,Alice,East,7507.02,32,Food,4298.12,4446.9,0.1,137539.84,142300.8,14230.08
1058,2023-11-22,Alice,West,8085.98,15,Clothing,894.48,1336.37,0.26,13417.2,20045.55,5211.843
1060,2023-03-15,David,South,8594.43,44,Clothing,2211.95,2512.84,0.04,97325.79999999999,110564.96,4422.598400000001
1050,2023-08-21,David,North,9976.52,17,Furniture,2346.8,2654.65,0.13,39895.600000000006,45129.05,5866.776500000001
1028,2023-08-12,Charlie,South,2490.82,41,Clothing,3956.03,4163.68,0.12,162197.23,170710.88,20485.3056
1092,2023-11-15,David,East,499.47,47,Electronics,3034.32,3375.79,0.28,142613.04,158662.13,44425.396400000005
1041,2023-03-01,Charlie,East,4170.8,44,Electronics,3288.39,3391.46,0.05,144689.16,149224.24,7461.2119999999995
1100,2023-12-01,Alice,East,1387.8,34,Furniture,4991.09,5402.28,0.0,169697.06,183677.52,0.0
1064,2023-08-10,Bob,South,322.02,5,Food,421.05,488.23,0.07,2105.25,2441.15,170.8805
1027,2023-02-06,Eve,West,3668.23,45,Food,1153.9,1485.34,0.25,51925.50000000001,66840.3,16710.075
1063,2023-10-05,Alice,South,7859.01,27,Food,2069.08,2246.24,0.06,55865.159999999996,60648.479999999996,3638.9087999999997
1017,2023-07-15,David,North,5705.19,23,Electronics,1771.52,2147.8,0.07,40744.96,49399.4,3457.9580000000005
1073,2023-12-18,Eve,West,3196.5,40,Food,157.15,436.53,0.04,6286.0,17461.199999999997,698.4479999999999
1033,2023-08-30,Bob,East,6577.99,14,Food,504.3,735.95,0.21,7060.2,10303.300000000001,2163.693
1084,2023-11-20,Bob,South,2396.98,15,Furniture,3420.72,3513.74,0.02,51310.799999999996,52706.1,1054.122
1077,2023-08-07,Charlie,East,242.38,43,Food,4402.66,4724.7,0.1,189314.38,203162.1,20316.210000000003
1092,2023-07-11,Eve,East,7667.1,33,Electronics,2595.42,3083.06,0.08,85648.86,101740.98,8139.2784
1029,2023-01-17,Charlie,North,6275.06,31,Electronics,2719.0,3133.55,0.17,84289.0,97140.05,16513.808500000003
1013,2023-01-12,Alice,West,7646.8,35,Electronics,1312.71,1352.11,0.22,45944.85,47323.85,10411.247
1046,2023-07-12,Eve,North,485.49,17,Furniture,3850.99,4045.34,0.16,65466.829999999994,68770.78,11003.3248
1035,2023-01-22,Alice,North,8387.48,28,Furniture,3771.38,4234.92,0.28,105598.64,118577.76000000001,33201.772800000006
1006,2023-04-30,Charlie,North,6233.31,19,Clothing,2962.41,3218.9,0.29,56285.78999999999,61159.1,17736.139
1082,2023-07-29,Eve,East,5677.61,46,Food,1102.69,1437.12,0.11,50723.740000000005,66107.51999999999,7271.827199999999
1069,2023-11-02,Charlie,North,6283.68,23,Furniture,530.24,987.41,0.23,12195.52,22710.43,5223.3989
1047,2023-09-27,Eve,North,8657.89,32,Electronics,367.98,806.14,0.22,11775.36,25796.48,5675.2256
1025,2023-07-11,Charlie,West,5910.67,40,Electronics,2983.85,3239.74,0.27,119354.0,129589.59999999999,34989.192
1066,2023-06-24,Bob,West,5851.41,13,Furniture,4133.92,4358.37,0.13,53740.96,56658.81,7365.6453
1010,2023-10-12,Charlie,North,9907.72,20,Furniture,4298.74,4475.19,0.16,85974.79999999999,89503.79999999999,14320.607999999998
1056,2023-07-23,Bob,West,7591.63,35,Furniture,2344.93,2707.25,0.12,82072.54999999999,94753.75,11370.449999999999
1030,2023-06-13,Charlie,West,4478.71,5,Clothing,3932.14,4082.76,0.26,19660.7,20413.800000000003,5307.588000000001
1005,2023-09-08,Eve,North,7103.23,9,Electronics,4737.06,4869.5,0.07,42633.54,43825.5,3067.7850000000003
1033,2023-08-15,Eve,East,3953.38,29,Clothing,1412.09,1596.65,0.07,40950.61,46302.850000000006,3241.1995000000006
1065,2023-01-07,Eve,North,2365.87,6,Clothing,2019.9,2116.74,0.11,12119.400000000001,12700.439999999999,1397.0484
1018,2023-01-29,David,West,6008.83,25,Food,4660.82,5011.43,0.07,116520.5,125285.75,8770.0025
1096,2023-02-02,Alice,East,9289.0,31,Electronics,1724.24,2036.2,0.17,53451.44,63122.200000000004,10730.774000000001
1049,2023-05-14,Eve,South,9298.48,22,Electronics,4573.69,4820.3,0.04,100621.18,106046.6,4241.8640000000005
1011,2023-03-20,Bob,East,3484.86,2,Furniture,4906.17,5107.43,0.1,9812.34,10214.86,1021.4860000000001
1085,2023-02-27,Eve,West,5324.01,45,Furniture,3325.96,3781.4,0.27,149668.2,170163.0,45944.01
1026,2023-01-26,David,East,2195.2,5,Food,4093.61,4117.88,0.12,20468.05,20589.4,2470.728
1063,2023-08-14,Bob,North,9956.75,27,Clothing,3760.25,4147.11,0.22,101526.75,111971.96999999999,24633.833399999996
1089,2023-10-12,David,South,9813.07,25,Furniture,3512.69,3964.63,0.03,87817.25,99115.75,2973.4725
1086,2023-01-04,Bob,South,6530.14,8,Furniture,1569.31,1798.02,0.07,12554.48,14384.16,1006.8912000000001
1059,2023-04-09,Charlie,South,8063.7,1,Electronics,332.62,612.46,0.24,332.62,612.46,146.9904
1027,2023-02-08,Alice,West,7179.49,20,Electronics,1748.11,2220.9,0.23,34962.2,44418.0,10216.140000000001
1049,2023-09-28,Alice,West,5972.27,44,Furniture,3351.33,3465.35,0.12,147458.52,152475.4,18297.048
1077,2023-10-12,David,South,628.15,23,Electronics,557.52,822.39,0.29,12822.96,18914.97,5485.3413
1033,2023-06-06,Alice,East,4602.17,32,Food,108.99,351.6,0.27,3487.68,11251.2,3037.8240000000005
1098,2023-03-16,David,South,6780.38,11,Furniture,741.48,878.09,0.29,8156.280000000001,9658.99,2801.1070999999997
1099,2023-10-15,David,East,6807.56,39,Electronics,3592.89,4004.0,0.13,140122.71,156156.0,20300.280000000002
1001,2023-05-10,David,East,3793.91,47,Food,4865.33,5316.13,0.06,228670.51,249858.11000000002,14991.4866
1021,2023-06-24,Alice,West,9422.75,24,Electronics,4916.17,5309.32,0.19,117988.08,127423.68,24210.4992
1055,2023-03-25,David,East,1756.83,11,Electronics,2495.2,2600.93,0.21,27447.199999999997,28610.23,6008.1483
1006,2023-01-22,Alice,South,5053.56,29,Electronics,4353.29,4405.8,0.04,126245.41,127768.20000000001,5110.728000000001
1092,2023-01-27,David,West,6939.75,26,Furniture,3697.29,4003.96,0.24,96129.54,104102.96,24984.7104
1081,2023-07-14,Eve,North,7001.64,16,Clothing,2530.15,2568.13,0.01,40482.4,41090.08,410.9008
1069,2023-12-03,David,North,6521.53,35,Electronics,2885.16,3224.84,0.14,100980.59999999999,112869.40000000001,15801.716000000002
1095,2023-08-24,Bob,West,2825.35,20,Food,729.27,999.18,0.1,14585.4,19983.6,1998.36
1005,2023-04-02,David,South,1646.45,46,Furniture,4691.42,5026.19,0.22,215805.32,231204.74,50865.042799999996
1003,2023-01-21,Charlie,North,6395.81,3,Furniture,1792.05,2091.23,0.09,5376.15,6273.6900000000005,564.6321
1053,2023-10-30,David,North,6033.09,1,Food,2258.44,2475.56,0.25,2258.44,2475.56,618.89
1023,2023-12-23,Bob,East,1875.62,47,Electronics,3374.72,3483.15,0.18,158611.84,163708.05000000002,29467.449
1053,2023-03-25,Bob,East,7080.88,1,Clothing,1702.82,1862.61,0.24,1702.82,1862.61,447.02639999999997
1037,2023-09-19,Alice,South,4606.2,17,Electronics,1308.58,1575.59,0.3,22245.86,26785.03,8035.508999999999
1074,2023-05-27,Eve,West,6710.83,2,Food,3173.69,3503.11,0.2,6347.38,7006.22,1401.2440000000001
1074,2023-09-14,David,South,8389.93,29,Furniture,173.67,565.62,0.3,5036.429999999999,16402.98,4920.893999999999
1083,2023-02-27,Alice,West,1780.31,20,Clothing,3617.59,4003.5,0.01,72351.8,80070.0,800.7
1017,2023-01-15,Eve,North,289.53,6,Furniture,2594.42,3081.04,0.1,15566.52,18486.239999999998,1848.6239999999998
1085,2023-06-11,David,East,7813.12,8,Food,3048.48,3198.54,0.03,24387.84,25588.32,767.6496
1078,2023-06-12,Charlie,South,6136.0,29,Electronics,3177.81,3222.65,0.08,92156.49,93456.85,7476.548000000001
1073,2023-11-16,David,South,7026.43,48,Clothing,2658.9,2838.27,0.25,127627.20000000001,136236.96,34059.24
1001,2023-10-08,Bob,West,8397.73,33,Furniture,2933.54,3307.75,0.01,96806.81999999999,109155.75,1091.5575000000001
1051,2023-10-07,Bob,West,8047.83,3,Furniture,3434.75,3659.42,0.16,10304.25,10978.26,1756.5216
1045,2023-01-12,Charlie,South,9613.11,35,Furniture,3777.94,4188.66,0.17,132227.9,146603.1,24922.527000000002
1077,2023-10-01,Alice,West,5405.76,5,Electronics,3650.89,3930.06,0.17,18254.45,19650.3,3340.551
1004,2023-09-28,Eve,South,4936.11,27,Clothing,4354.6,4820.2,0.14,117574.20000000001,130145.4,18220.356
1062,2023-07-27,David,South,4078.68,44,Electronics,987.74,1462.19,0.24,43460.56,64336.36,15440.7264
1065,2023-01-27,Bob,South,1621.54,12,Electronics,2035.68,2079.64,0.04,24428.16,24955.68,998.2272
1032,2023-03-13,Alice,North,5768.81,20,Electronics,4741.59,4975.23,0.09,94831.8,99504.59999999999,8955.413999999999
1034,2023-03-01,Charlie,West,2842.42,45,Food,2013.12,2321.87,0.18,90590.4,104484.15,18807.146999999997
1092,2023-05-25,Bob,East,9220.94,20,Food,668.11,803.49,0.21,13362.2,16069.8,3374.658
1095,2023-04-03,Charlie,East,5873.59,9,Food,2650.95,2860.42,0.12,23858.55,25743.78,3089.2535999999996
1072,2023-11-05,David,West,5969.12,39,Clothing,591.98,934.04,0.26,23087.22,36427.56,9471.1656
1039,2023-01-08,Eve,South,3613.75,4,Electronics,1054.12,1175.22,0.12,4216.48,4700.88,564.1056
1026,2023-03-20,Bob,East,614.69,19,Electronics,4991.68,5296.65,0.12,94841.92000000001,100636.34999999999,12076.362
1034,2023-01-27,Bob,East,414.26,38,Food,2729.75,3081.5,0.01,103730.5,117097.0,1170.97
1054,2023-06-23,David,West,4291.02,27,Electronics,1456.09,1510.43,0.17,39314.43,40781.61,6932.873700000001
1003,2023-02-19,Alice,East,937.2,45,Electronics,4974.14,5227.93,0.21,223836.30000000002,235256.85,49403.9385
1050,2023-07-18,Eve,South,6107.78,43,Furniture,4834.47,4973.38,0.03,207882.21000000002,213855.34,6415.660199999999
1012,2023-12-15,Bob,West,8821.63,13,Electronics,2231.66,2596.61,0.09,29011.579999999998,33755.93,3038.0337
1065,2023-06-30,Eve,South,8840.86,13,Furniture,1339.0,1441.88,0.23,17407.0,18744.440000000002,4311.221200000001
1054,2023-01-24,Bob,East,6624.55,22,Electronics,4200.08,4647.28,0.11,92401.76,102240.15999999999,11246.417599999999
1005,2023-11-12,Eve,East,2191.2,28,Clothing,3592.32,3813.48,0.07,100584.96,106777.44,7474.420800000001
1094,2023-02-15,Charlie,South,8643.67,47,Food,3450.36,3557.38,0.2,162166.92,167196.86000000002,33439.372
1094,2023-01-15,Bob,North,8872.33,45,Furniture,4470.91,4695.54,0.06,201190.94999999998,211299.3,12677.957999999999
1057,2023-06-02,Eve,East,2046.87,22,Food,3462.61,3672.89,0.27,76177.42,80803.58,21816.966600000003
1017,2023-08-10,Alice,North,7400.52,43,Furniture,1454.8,1674.97,0.03,62556.4,72023.71,2160.7113
1047,2023-07-25,Charlie,East,2936.54,19,Furniture,3484.62,3781.55,0.21,66207.78,71849.45,15088.384499999998
1023,2023-09-30,Charlie,North,8046.14,8,Furniture,1563.78,1829.16,0.15,12510.24,14633.28,2194.992
1079,2023-08-24,Alice,North,9972.66,8,Clothing,3808.23,3891.62,0.26,30465.84,31132.96,8094.5696
1085,2023-12-06,Eve,North,397.26,42,Electronics,3117.75,3159.88,0.04,130945.5,132714.96,5308.5984
1014,2023-08-16,David,South,8983.92,26,Furniture,433.19,800.6,0.2,11262.94,20815.600000000002,4163.120000000001
1066,2023-01-09,Alice,North,6264.04,48,Clothing,2588.54,2872.8,0.17,124249.92,137894.40000000002,23442.048000000006
1075,2023-06-15,Eve,North,9736.49,26,Furniture,1749.34,1935.25,0.14,45482.84,50316.5,7044.31
1051,2023-11-15,Alice,North,4703.59,23,Electronics,1676.42,2082.52,0.15,38557.66,47897.96,7184.6939999999995
1038,2023-08-02,Alice,East,8489.14,43,Furniture,3031.17,3231.32,0.22,130340.31,138946.76,30568.287200000002
1064,2023-04-27,Bob,North,717.7,13,Clothing,1645.51,2045.53,0.28,21391.63,26591.89,7445.729200000001
1098,2023-12-10,Eve,East,3419.26,28,Electronics,3895.62,4055.44,0.03,109077.36,113552.32,3406.5696000000003
1038,2023-03-13,David,North,763.46,9,Clothing,400.42,446.11,0.01,3603.78,4014.9900000000002,40.1499
1050,2023-03-05,Bob,North,9755.9,20,Electronics,3318.92,3785.91,0.24,66378.4,75718.2,18172.368
1098,2023-07-24,Alice,South,8188.04,19,Electronics,4055.51,4258.84,0.03,77054.69,80917.96,2427.5388000000003
1082,2023-07-28,Alice,East,8540.22,48,Food,3380.52,3778.94,0.3,162264.96,181389.12,54416.736
1030,2023-03-13,Alice,North,9385.86,39,Food,2511.28,2658.06,0.19,97939.92000000001,103664.34,19696.2246
1079,2023-10-04,Eve,East,942.52,12,Food,4754.02,5080.74,0.2,57048.240000000005,60968.88,12193.776
1091,2023-10-01,Eve,East,3917.42,15,Electronics,1534.7,1972.62,0.06,23020.5,29589.3,1775.358
1051,2023-11-16,Bob,West,803.25,31,Furniture,144.88,175.29,0.07,4491.28,5433.99,380.3793
1063,2023-12-04,David,South,2186.85,14,Clothing,2188.35,2605.36,0.2,30636.899999999998,36475.04,7295.008000000001
1098,2024-01-01,Bob,South,2370.72,11,Clothing,213.41,503.36,0.27,2347.5099999999998,5536.96,1494.9792000000002
1052,2023-04-05,Charlie,South,4744.16,26,Clothing,4771.99,5079.65,0.29,124071.73999999999,132070.9,38300.560999999994
1038,2023-06-15,Alice,West,2758.77,42,Food,1089.09,1355.44,0.06,45741.78,56928.48,3415.7088
1097,2023-02-01,Alice,West,1099.68,27,Electronics,3955.19,4393.68,0.04,106790.13,118629.36000000002,4745.174400000001
1088,2023-01-11,Alice,South,1758.16,11,Food,3884.13,3915.41,0.02,42725.43,43069.509999999995,861.3901999999999
1079,2023-10-28,Bob,West,1558.03,38,Furniture,1127.76,1265.66,0.26,42854.88,48095.08,12504.720800000001
1030,2023-08-05,Bob,West,9733.46,34,Electronics,3125.07,3564.19,0.09,106252.38,121182.46,10906.4214
1051,2023-10-16,Alice,West,7617.0,43,Clothing,287.99,666.64,0.0,12383.57,28665.52,0.0
1081,2023-04-12,Bob,South,9680.84,19,Food,2443.69,2462.34,0.07,46430.11,46784.46000000001,3274.9122000000007
1005,2023-09-24,Eve,South,4453.43,6,Food,122.5,385.83,0.1,735.0,2314.98,231.49800000000002
1029,2023-08-02,Eve,South,2855.85,46,Furniture,4609.66,4879.15,0.3,212044.36,224440.9,67332.26999999999
1004,2023-06-28,Bob,West,8003.1,38,Furniture,4881.63,5088.06,0.16,185501.94,193346.28000000003,30935.404800000004
1010,2023-03-29,Alice,South,3329.91,49,Food,1150.3,1306.02,0.06,56364.7,63994.979999999996,3839.6987999999997
1056,2023-02-10,Bob,West,3063.9,42,Furniture,1080.12,1424.17,0.1,45365.03999999999,59815.14,5981.514
1017,2023-03-17,Bob,North,2401.81,28,Clothing,3780.91,3892.73,0.1,105865.48,108996.44,10899.644
1074,2023-02-15,Bob,West,1383.82,1,Furniture,1304.23,1705.71,0.01,1304.23,1705.71,17.057100000000002
1017,2023-06-09,Charlie,East,2638.98,35,Furniture,4480.63,4884.12,0.04,156822.05000000002,170944.19999999998,6837.767999999999
1084,2023-03-21,Eve,South,3617.67,40,Food,2890.95,3104.43,0.21,115638.0,124177.2,26077.212
1088,2023-11-06,David,South,6772.54,8,Food,1786.35,1935.29,0.04,14290.8,15482.32,619.2928
1069,2023-03-27,David,East,719.39,47,Electronics,4171.83,4320.93,0.07,196076.01,203083.71000000002,14215.859700000003
1034,2023-04-02,Charlie,West,2184.02,7,Electronics,2492.36,2738.68,0.11,17446.52,19170.76,2108.7835999999998
1006,2023-05-28,Bob,North,8109.33,11,Food,4562.58,4925.17,0.23,50188.38,54176.87,12460.680100000001
1053,2023-06-10,Charlie,East,1554.53,39,Furniture,4643.67,4829.52,0.17,181103.13,188351.28000000003,32019.717600000007
1066,2023-07-21,Charlie,East,3492.19,4,Furniture,868.83,1177.75,0.21,3475.32,4711.0,989.31
1077,2023-08-30,Alice,West,8660.12,25,Electronics,61.5,258.92,0.17,1537.5,6473.0,1100.41
1043,2023-12-19,Eve,South,1633.76,12,Electronics,4920.46,5079.68,0.21,59045.520000000004,60956.16,12800.7936
1075,2023-01-02,David,West,919.09,26,Electronics,4535.38,4557.56,0.0,117919.88,118496.56000000001,0.0
1023,2023-08-13,Bob,East,4896.93,38,Clothing,324.45,336.37,0.28,12329.1,12782.06,3578.9768000000004
1055,2023-10-16,David,East,3093.95,46,Clothing,4173.52,4294.85,0.03,191981.92,197563.1,5926.893
1080,2023-08-21,David,South,5677.74,12,Electronics,2316.13,2525.27,0.12,27793.56,30303.239999999998,3636.3887999999997
1095,2023-03-18,Eve,South,8057.67,43,Furniture,1331.86,1758.98,0.23,57269.979999999996,75636.14,17396.3122
1075,2023-04-26,David,South,1457.77,37,Electronics,4399.8,4801.06,0.13,162792.6,177639.22,23093.0986
1016,2023-06-03,David,West,5848.92,46,Clothing,1023.5,1164.41,0.28,47081.0,53562.86,14997.600800000002
1008,2023-04-13,Charlie,South,5104.54,24,Furniture,4739.13,4868.95,0.14,113739.12,116854.79999999999,16359.672
1004,2023-07-13,Eve,East,1526.38,16,Clothing,1067.83,1189.22,0.26,17085.28,19027.52,4947.1552
1004,2023-06-15,Alice,East,6277.59,13,Furniture,3087.73,3263.96,0.24,40140.49,42431.48,10183.5552
1056,2023-12-25,Bob,North,2809.04,25,Clothing,1154.28,1408.4,0.29,28857.0,35210.0,10210.9
1025,2023-03-31,David,West,4929.56,4,Furniture,2751.06,2976.01,0.28,11004.24,11904.04,3333.1312000000007
1067,2023-06-23,Bob,North,914.5,11,Furniture,3435.68,3552.63,0.27,37792.479999999996,39078.93,10551.3111
1096,2023-05-02,Alice,East,4649.88,32,Furniture,991.63,1065.55,0.22,31732.16,34097.6,7501.472
1067,2023-05-23,Bob,North,3133.99,49,Furniture,2628.38,2644.54,0.11,128790.62000000001,129582.45999999999,14254.0706
1027,2023-04-16,Alice,East,8241.57,7,Food,2371.85,2457.29,0.03,16602.95,17201.03,516.0309
1093,2023-11-01,Charlie,North,664.09,46,Clothing,401.64,757.26,0.21,18475.44,34833.96,7315.1316
1032,2023-12-26,David,South,4244.21,11,Clothing,4100.62,4230.0,0.29,45106.82,46530.0,13493.699999999999
1050,2023-11-13,Alice,North,4638.47,28,Food,1711.63,1951.24,0.22,47925.64,54634.72,12019.6384
1061,2023-05-03,Bob,South,7277.56,41,Furniture,2894.18,3193.92,0.28,118661.37999999999,130950.72,36666.2016
1051,2023-01-09,David,South,5785.45,23,Furniture,2598.18,3042.73,0.24,59758.14,69982.79,16795.869599999998
1019,2023-09-19,Charlie,West,6705.4,45,Clothing,2590.64,3036.18,0.05,116578.79999999999,136628.1,6831.405000000001
1021,2023-03-14,David,South,7792.79,23,Food,580.75,956.16,0.07,13357.25,21991.68,1539.4176000000002
1005,2023-12-25,Alice,South,8635.81,28,Furniture,2146.24,2173.47,0.1,60094.719999999994,60857.159999999996,6085.716
1082,2023-08-11,Charlie,North,3207.37,43,Furniture,2289.22,2581.0,0.05,98436.45999999999,110983.0,5549.150000000001
1092,2023-02-10,Bob,East,5426.42,47,Furniture,3681.53,4076.96,0.17,173031.91,191617.12,32574.9104
1042,2023-07-23,Charlie,West,8417.07,26,Electronics,4208.09,4226.56,0.29,109410.34,109890.56000000001,31868.2624
1061,2023-09-21,Charlie,South,9895.57,25,Food,2747.66,3027.01,0.23,68691.5,75675.25,17405.3075
1022,2023-11-24,Eve,West,8906.24,29,Furniture,479.58,909.88,0.13,13907.82,26386.52,3430.2476
1021,2023-06-27,Charlie,North,3777.53,19,Electronics,1222.4,1464.71,0.0,23225.600000000002,27829.49,0.0
1070,2023-12-14,Charlie,South,2032.15,33,Food,866.42,878.43,0.09,28591.859999999997,28988.19,2608.9370999999996
1001,2023-11-14,David,North,4944.99,36,Furniture,666.84,682.24,0.16,24006.24,24560.64,3929.7024
1005,2023-03-25,Bob,West,7442.25,14,Clothing,1861.2,2075.35,0.1,26056.8,29054.899999999998,2905.49
1012,2023-11-14,David,North,4976.43,14,Electronics,1185.5,1271.45,0.03,16597.0,17800.3,534.009
1090,2023-04-21,David,West,4883.49,35,Electronics,1130.6,1466.18,0.13,39571.0,51316.3,6671.119000000001
1046,2023-09-08,Alice,North,8398.48,30,Furniture,320.73,678.04,0.08,9621.900000000001,20341.199999999997,1627.2959999999998
1034,2023-01-07,David,West,3677.9,28,Furniture,137.47,234.63,0.27,3849.16,6569.639999999999,1773.8028
1049,2023-03-25,Eve,East,8611.97,17,Electronics,558.7,1004.08,0.03,9497.900000000001,17069.36,512.0808
1078,2023-07-27,Eve,North,4127.37,3,Clothing,902.38,1128.91,0.01,2707.14,3386.7300000000005,33.86730000000001
1090,2023-11-10,Alice,North,3349.51,16,Clothing,2183.37,2263.36,0.0,34933.92,36213.76,0.0
1045,2023-01-22,Bob,East,4594.5,46,Food,2577.08,2961.56,0.1,118545.68,136231.76,13623.176000000001
1027,2023-01-03,Bob,East,7648.22,30,Furniture,745.93,1143.02,0.2,22377.899999999998,34290.6,6858.12
1073,2023-05-07,David,North,1347.42,29,Clothing,2152.68,2475.93,0.22,62427.719999999994,71801.97,15796.4334
1026,2023-10-24,David,East,2044.55,45,Food,1741.66,2169.86,0.14,78374.7,97643.70000000001,13670.118000000002
1047,2023-07-07,David,South,9519.3,15,Clothing,957.95,1329.26,0.21,14369.25,19938.9,4187.169
1086,2023-12-28,Bob,West,1837.37,46,Furniture,83.86,526.14,0.11,3857.56,24202.44,2662.2684
1056,2023-01-14,Charlie,West,5720.5,25,Food,2361.74,2584.35,0.2,59043.49999999999,64608.75,12921.75
1094,2023-01-12,Eve,West,5835.21,38,Food,3443.98,3820.3,0.01,130871.24,145171.4,1451.714
1063,2023-03-28,Charlie,South,4947.28,42,Food,1170.07,1669.95,0.12,49142.939999999995,70137.90000000001,8416.548
1048,2023-01-12,Charlie,East,6482.98,47,Clothing,702.44,1067.66,0.24,33014.68,50180.020000000004,12043.204800000001
1061,2023-01-25,Bob,East,2375.28,38,Furniture,4440.86,4506.81,0.24,168752.68,171258.78000000003,41102.107200000006
1081,2023-10-28,Charlie,North,5571.36,23,Food,1411.37,1675.35,0.21,32461.51,38533.049999999996,8091.940499999999
1026,2023-08-31,Alice,East,3784.52,25,Electronics,1156.88,1454.68,0.06,28922.000000000004,36367.0,2182.02
1036,2023-05-02,David,North,6650.51,42,Furniture,4292.63,4387.99,0.07,180290.46,184295.58,12900.6906
1001,2023-05-27,Alice,South,1498.11,7,Electronics,4094.68,4576.5,0.3,28662.76,32035.5,9610.65
1008,2023-02-24,Eve,West,5751.69,22,Electronics,2269.32,2365.35,0.03,49925.04,52037.7,1561.1309999999999
1099,2023-08-26,David,West,1934.18,17,Food,2471.73,2568.73,0.05,42019.41,43668.41,2183.4205
1052,2023-12-22,Charlie,West,2858.57,18,Food,1127.86,1586.29,0.04,20301.48,28553.22,1142.1288000000002
1079,2023-06-22,Eve,East,2265.23,49,Clothing,437.59,675.54,0.1,21441.91,33101.46,3310.146
1047,2023-08-09,David,North,1910.09,41,Clothing,2888.49,2929.45,0.06,118428.09,120107.45,7206.446999999999
1056,2023-04-29,Charlie,North,8274.54,10,Clothing,536.81,839.92,0.15,5368.099999999999,8399.199999999999,1259.8799999999999
1086,2023-11-05,Alice,South,2928.5,10,Furniture,2273.91,2578.8,0.14,22739.1,25788.0,3610.32
1014,2023-07-02,David,East,9278.53,7,Clothing,4705.46,4747.07,0.27,32938.22,33229.49,8971.9623
1090,2023-10-15,Charlie,South,9702.27,48,Electronics,4766.53,5253.07,0.01,228793.44,252147.36,2521.4736
1028,2023-11-03,Alice,North,5755.48,38,Clothing,1234.69,1511.26,0.1,46918.22,57427.88,5742.7880000000005
1087,2023-10-27,Eve,North,1515.71,27,Food,3139.36,3423.66,0.18,84762.72,92438.81999999999,16638.987599999997
1078,2023-03-23,Eve,West,3808.03,33,Clothing,2396.68,2661.54,0.18,79090.43999999999,87830.81999999999,15809.547599999998
1088,2023-07-30,Eve,East,7997.55,1,Furniture,4384.64,4693.9,0.14,4384.64,4693.9,657.146
1002,2023-05-30,Eve,North,3737.17,44,Furniture,1393.58,1533.09,0.24,61317.52,67455.95999999999,16189.430399999997
1026,2023-02-06,Bob,West,961.47,34,Electronics,68.33,219.08,0.02,2323.22,7448.72,148.9744
1014,2023-12-18,David,East,5612.17,4,Furniture,854.68,1115.24,0.24,3418.72,4460.96,1070.6304
1059,2023-11-08,David,South,8466.7,17,Clothing,1780.14,2185.42,0.15,30262.38,37152.14,5572.821
1056,2023-12-27,Bob,East,7979.67,4,Food,1612.82,1647.25,0.04,6451.28,6589.0,263.56
1007,2023-02-28,Charlie,East,1833.72,43,Furniture,3967.25,4272.92,0.27,170591.75,183735.56,49608.601200000005
1003,2023-05-11,Charlie,North,6760.37,26,Electronics,3418.78,3824.1,0.19,88888.28,99426.59999999999,18891.054
1023,2023-07-21,Eve,North,2282.99,4,Clothing,1532.8,1619.69,0.05,6131.2,6478.76,323.93800000000005
1018,2023-08-31,Alice,East,2260.25,1,Electronics,2315.83,2333.19,0.01,2315.83,2333.19,23.3319
1038,2023-02-04,Charlie,North,8753.31,7,Furniture,523.02,686.25,0.04,3661.14,4803.75,192.15
1099,2023-04-03,Alice,North,2571.72,30,Furniture,4495.82,4794.01,0.18,134874.59999999998,143820.30000000002,25887.654000000002
1015,2023-07-26,David,North,2706.15,9,Electronics,4680.35,4758.11,0.05,42123.15,42822.99,2141.1495
1064,2023-12-19,Alice,West,106.47,35,Clothing,4900.03,5118.83,0.07,171501.05,179159.05,12541.1335
1089,2023-11-28,David,West,8719.62,8,Furniture,4349.34,4629.98,0.01,34794.72,37039.84,370.3984
1028,2023-11-01,Bob,East,7946.69,24,Food,911.11,1214.56,0.22,21866.64,29149.44,6412.8768
1074,2023-12-16,Bob,North,6310.56,19,Furniture,278.67,423.13,0.24,5294.7300000000005,8039.47,1929.4728
1039,2023-08-01,Eve,West,7527.63,36,Clothing,2919.0,3125.01,0.24,105084.0,112500.36000000002,27000.086400000004
1057,2023-06-08,Charlie,East,1605.28,43,Furniture,4567.39,4958.78,0.04,196397.77000000002,213227.53999999998,8529.1016
1017,2023-01-24,Eve,North,4637.4,27,Electronics,927.89,1399.09,0.27,25053.03,37775.43,10199.366100000001
1086,2023-10-20,David,South,3577.07,32,Furniture,84.86,517.18,0.2,2715.52,16549.76,3309.9519999999998
1090,2023-01-04,Eve,North,1028.39,14,Furniture,4037.21,4323.71,0.27,56520.94,60531.94,16343.623800000001
1044,2023-08-08,Alice,North,4912.69,18,Clothing,430.14,641.18,0.13,7742.5199999999995,11541.24,1500.3612
1025,2023-12-30,David,West,9215.32,28,Electronics,2097.84,2270.99,0.13,58739.520000000004,63587.719999999994,8266.4036
1017,2023-01-20,Bob,East,496.59,29,Clothing,3410.49,3481.72,0.24,98904.20999999999,100969.87999999999,24232.771199999996
1013,2023-06-01,Charlie,East,2985.46,16,Furniture,1222.15,1284.36,0.03,19554.4,20549.76,616.4927999999999
1084,2023-02-19,David,West,2154.66,35,Food,465.61,812.91,0.16,16296.35,28451.85,4552.296
1025,2023-06-26,David,North,2457.65,47,Furniture,3861.61,3998.91,0.25,181495.67,187948.77,46987.1925
1068,2023-04-06,Alice,South,9093.5,31,Clothing,3169.37,3304.15,0.25,98250.47,102428.65000000001,25607.162500000002
1010,2023-04-15,Charlie,North,4733.88,4,Food,4943.03,5442.15,0.29,19772.12,21768.6,6312.893999999999
1067,2023-09-07,Bob,North,4716.36,37,Clothing,1754.32,1856.4,0.21,64909.84,68686.8,14424.228000000001
1018,2023-04-27,David,South,7629.7,17,Clothing,355.72,438.27,0.06,6047.240000000001,7450.59,447.0354
1100,2023-12-20,David,West,1629.47,39,Electronics,3685.03,3743.39,0.01,143716.17,145992.21,1459.9221
1086,2023-08-16,Alice,East,4923.93,48,Food,2632.58,2926.68,0.14,126363.84,140480.63999999998,19667.2896
